month,division,line,day_type,num_on_time_trips,num_sched_trips,terminal_on_time_performance
2015-01-01,A DIVISION,1,1,6874,9017,76.2337806
2015-01-01,A DIVISION,2,1,2920,6175,47.2874494
2015-01-01,A DIVISION,3,1,4004,5834,68.6321563
2015-01-01,A DIVISION,4,1,3692,7623,48.4323757
2015-01-01,A DIVISION,5,1,3203,6491,49.3452473
2015-01-01,A DIVISION,6,1,5967,11509,51.8463811
2015-01-01,A DIVISION,7,1,10595,12322,85.9844181
2015-01-01,A DIVISION,S 42nd,1,11592,11834,97.9550448
2015-01-01,B DIVISION,A,1,4956,7327,67.6402347
2015-01-01,B DIVISION,B,1,3164,4120,76.7961165
2015-01-01,B DIVISION,C,1,3359,4000,83.975
2015-01-01,B DIVISION,D,1,4022,5288,76.0590015
2015-01-01,B DIVISION,E,1,5453,7894,69.0777806
2015-01-01,B DIVISION,F,1,4597,7939,57.9040181
2015-01-01,B DIVISION,G,1,3961,5664,69.9329096
2015-01-01,B DIVISION,JZ,1,4374,5444,80.3453343
2015-01-01,B DIVISION,L,1,9109,9808,92.8731648
2015-01-01,B DIVISION,M,1,3761,5315,70.7619944
2015-01-01,B DIVISION,N,1,3601,5259,68.4730937
2015-01-01,B DIVISION,Q,1,3737,5348,69.8765894
2015-01-01,B DIVISION,R,1,3506,5670,61.8342152
2015-01-01,B DIVISION,S Fkln,1,2337,2354,99.277825
2015-01-01,B DIVISION,S Rock,1,3203,3358,95.3841572
2015-01-01,Systemwide,Systemwide,1,111987,155593,71.9743176
2015-02-01,A DIVISION,1,1,6067,8579,70.719198
2015-02-01,A DIVISION,2,1,2185,5901,37.0276224
2015-02-01,A DIVISION,3,1,3300,5618,58.739765
2015-02-01,A DIVISION,4,1,3061,7201,42.507985
2015-02-01,A DIVISION,5,1,2489,6172,40.3272845
2015-02-01,A DIVISION,6,1,4255,10630,40.028222
2015-02-01,A DIVISION,7,1,9057,11727,77.2320287
2015-02-01,A DIVISION,S 42nd,1,11149,11192,99.615797
2015-02-01,B DIVISION,A,1,4390,6970,62.9842181
2015-02-01,B DIVISION,B,1,2678,3914,68.4210526
2015-02-01,B DIVISION,C,1,2983,3800,78.5
2015-02-01,B DIVISION,D,1,3404,5063,67.2328659
2015-02-01,B DIVISION,E,1,5197,7512,69.1826411
2015-02-01,B DIVISION,F,1,3963,7465,53.0877428
2015-02-01,B DIVISION,G,1,3735,5371,69.5401229
2015-02-01,B DIVISION,JZ,1,3750,5193,72.2125939
2015-02-01,B DIVISION,L,1,8216,9505,86.4387165
2015-02-01,B DIVISION,M,1,3324,5054,65.7696874
2015-02-01,B DIVISION,N,1,3104,5054,61.4166996
2015-02-01,B DIVISION,Q,1,3433,5089,67.4592258
2015-02-01,B DIVISION,R,1,3103,5371,57.7732266
2015-02-01,B DIVISION,S Fkln,1,2223,2242,99.1525424
2015-02-01,B DIVISION,S Rock,1,3009,3195,94.1784038
2015-02-01,Systemwide,Systemwide,1,98075,147818,66.3484826
2015-03-01,A DIVISION,1,1,7435,9929,74.8816598
2015-03-01,A DIVISION,2,1,3138,7213,43.504783
2015-03-01,A DIVISION,3,1,4015,6304,63.6897208
2015-03-01,A DIVISION,4,1,3218,8076,39.8464586
2015-03-01,A DIVISION,5,1,2776,7145,38.8523443
2015-03-01,A DIVISION,6,1,4931,12246,40.2662094
2015-03-01,A DIVISION,7,1,10949,13571,80.6793899
2015-03-01,A DIVISION,S 42nd,1,13226,13290,99.5184349
2015-03-01,B DIVISION,A,1,5271,8040,65.5597015
2015-03-01,B DIVISION,B,1,3605,4525,79.6685083
2015-03-01,B DIVISION,C,1,3521,4400,80.0227273
2015-03-01,B DIVISION,D,1,4460,5793,76.9894701
2015-03-01,B DIVISION,E,1,6199,8692,71.3184538
2015-03-01,B DIVISION,F,1,4844,8450,57.3254438
2015-03-01,B DIVISION,G,1,3856,6093,63.2857377
2015-03-01,B DIVISION,JZ,1,4816,5996,80.3202135
2015-03-01,B DIVISION,L,1,10286,11187,91.9460088
2015-03-01,B DIVISION,M,1,3945,5852,67.4128503
2015-03-01,B DIVISION,N,1,4222,5852,72.1462748
2015-03-01,B DIVISION,Q,1,4474,5891,75.9463589
2015-03-01,B DIVISION,R,1,3612,6248,57.8104994
2015-03-01,B DIVISION,S Fkln,1,2572,2596,99.0755008
2015-03-01,B DIVISION,S Rock,1,3530,3701,95.3796271
2015-03-01,Systemwide,Systemwide,1,118901,171090,69.4961716
2015-04-01,A DIVISION,1,1,7690,9932,77.4265002
2015-04-01,A DIVISION,2,1,3290,7054,46.6402041
2015-04-01,A DIVISION,3,1,4494,6704,67.0346062
2015-04-01,A DIVISION,4,1,3541,8080,43.8242574
2015-04-01,A DIVISION,5,1,3237,7332,44.1489362
2015-04-01,A DIVISION,6,1,5109,12252,41.6993144
2015-04-01,A DIVISION,7,1,10597,13293,79.7186489
2015-04-01,A DIVISION,S 42nd,1,12780,12875,99.2621359
2015-04-01,B DIVISION,A,1,5750,8070,71.2515489
2015-04-01,B DIVISION,B,1,3694,4532,81.5092674
2015-04-01,B DIVISION,C,1,3737,4353,85.8488399
2015-04-01,B DIVISION,D,1,4568,5826,78.4071404
2015-04-01,B DIVISION,E,1,6230,8696,71.6421343
2015-04-01,B DIVISION,F,1,5582,8962,62.2852042
2015-04-01,B DIVISION,G,1,3999,6164,64.8767034
2015-04-01,B DIVISION,JZ,1,4770,5998,79.5265088
2015-04-01,B DIVISION,L,1,9972,10792,92.4017791
2015-04-01,B DIVISION,M,1,4247,5852,72.5734792
2015-04-01,B DIVISION,N,1,4294,5882,73.0023801
2015-04-01,B DIVISION,Q,1,4613,5892,78.2926001
2015-04-01,B DIVISION,R,1,3759,6248,60.1632522
2015-04-01,B DIVISION,S Fkln,1,2584,2588,99.8454405
2015-04-01,B DIVISION,S Rock,1,3556,3700,96.1081081
2015-04-01,Systemwide,Systemwide,1,122093,171077,71.3672791
2015-05-01,A DIVISION,1,1,7104,9031,78.6623851
2015-05-01,A DIVISION,2,1,2740,6185,44.3007276
2015-05-01,A DIVISION,3,1,4087,6092,67.0879842
2015-05-01,A DIVISION,4,1,3058,7348,41.6167665
2015-05-01,A DIVISION,5,1,2663,6624,40.2022947
2015-05-01,A DIVISION,6,1,5603,11210,49.9821588
2015-05-01,A DIVISION,7,1,10280,12345,83.27258
2015-05-01,A DIVISION,S 42nd,1,11295,11640,97.0360825
2015-05-01,B DIVISION,A,1,4963,7369,67.3497082
2015-05-01,B DIVISION,B,1,3178,4120,77.1359223
2015-05-01,B DIVISION,C,1,3177,4000,79.425
2015-05-01,B DIVISION,D,1,3979,5297,75.1179913
2015-05-01,B DIVISION,E,1,5281,7908,66.7804755
2015-05-01,B DIVISION,F,1,4630,7789,59.442804
2015-05-01,B DIVISION,G,1,3741,5603,66.767803
2015-05-01,B DIVISION,JZ,1,3935,5454,72.1488816
2015-05-01,B DIVISION,L,1,9561,10036,95.2670387
2015-05-01,B DIVISION,M,1,3614,5320,67.9323308
2015-05-01,B DIVISION,N,1,3450,5320,64.8496241
2015-05-01,B DIVISION,Q,1,3922,5732,68.422889
2015-05-01,B DIVISION,R,1,3142,5680,55.3169014
2015-05-01,B DIVISION,S Fkln,1,2360,2360,100
2015-05-01,B DIVISION,S Rock,1,3150,3334,94.4811038
2015-05-01,Systemwide,Systemwide,1,108913,155797,69.9069944
2015-06-01,A DIVISION,1,1,8011,9929,80.6828482
2015-06-01,A DIVISION,2,1,2916,6834,42.6690079
2015-06-01,A DIVISION,3,1,4469,6508,68.6693301
2015-06-01,A DIVISION,4,1,3566,8271,43.1144964
2015-06-01,A DIVISION,5,1,2884,7145,40.3638908
2015-06-01,A DIVISION,6,1,5923,12491,47.4181411
2015-06-01,A DIVISION,7,1,11459,13571,84.4374033
2015-06-01,A DIVISION,S 42nd,1,12594,12870,97.8554779
2015-06-01,B DIVISION,A,1,5429,8069,67.2821911
2015-06-01,B DIVISION,B,1,3486,4532,76.9196823
2015-06-01,B DIVISION,C,1,3502,4400,79.5909091
2015-06-01,B DIVISION,D,1,4276,5825,73.4077253
2015-06-01,B DIVISION,E,1,6265,8692,72.0777727
2015-06-01,B DIVISION,F,1,5033,8374,60.1026988
2015-06-01,B DIVISION,G,1,3888,6165,63.0656934
2015-06-01,B DIVISION,JZ,1,4071,6005,67.7935054
2015-06-01,B DIVISION,L,1,9816,10843,90.5284515
2015-06-01,B DIVISION,M,1,4096,5852,69.9931647
2015-06-01,B DIVISION,N,1,3769,5852,64.4053315
2015-06-01,B DIVISION,Q,1,4162,5891,70.6501443
2015-06-01,B DIVISION,R,1,3475,6248,55.6177977
2015-06-01,B DIVISION,S Fkln,1,2593,2596,99.8844376
2015-06-01,B DIVISION,S Rock,1,3553,3701,96.0010808
2015-06-01,Systemwide,Systemwide,1,119236,170664,69.8659354
2015-07-01,A DIVISION,1,1,7293,9932,73.4293194
2015-07-01,A DIVISION,2,1,2868,6929,41.3912541
2015-07-01,A DIVISION,3,1,4310,6564,65.6611822
2015-07-01,A DIVISION,4,1,3456,8084,42.7511133
2015-07-01,A DIVISION,5,1,2739,7078,38.6973721
2015-07-01,A DIVISION,6,1,6118,12248,49.9510124
2015-07-01,A DIVISION,7,1,11379,13576,83.8170301
2015-07-01,A DIVISION,S 42nd,1,12801,12872,99.4484152
2015-07-01,B DIVISION,A,1,5336,8228,64.8517258
2015-07-01,B DIVISION,B,1,3435,4532,75.7943513
2015-07-01,B DIVISION,C,1,3407,4400,77.4318182
2015-07-01,B DIVISION,D,1,4242,5826,72.8115345
2015-07-01,B DIVISION,E,1,5962,8696,68.5602576
2015-07-01,B DIVISION,F,1,4783,8380,57.0763723
2015-07-01,B DIVISION,G,1,3973,6164,64.4548994
2015-07-01,B DIVISION,JZ,1,4460,6010,74.2096506
2015-07-01,B DIVISION,L,1,9774,10802,90.4832438
2015-07-01,B DIVISION,M,1,4090,5852,69.8906357
2015-07-01,B DIVISION,N,1,4230,6221,67.9954991
2015-07-01,B DIVISION,Q,1,4108,5892,69.7216565
2015-07-01,B DIVISION,R,1,3740,6248,59.8591549
2015-07-01,B DIVISION,S Fkln,1,2587,2596,99.6533128
2015-07-01,B DIVISION,S Rock,1,3523,3700,95.2162162
2015-07-01,Systemwide,Systemwide,1,118614,170830,69.4339402
2015-08-01,A DIVISION,1,1,7575,9477,79.9303577
2015-08-01,A DIVISION,2,1,2648,6533,40.5326802
2015-08-01,A DIVISION,3,1,3880,6046,64.1746609
2015-08-01,A DIVISION,4,1,3430,7713,44.4703747
2015-08-01,A DIVISION,5,1,2361,6789,34.7768449
2015-08-01,A DIVISION,6,1,6547,11683,56.0386887
2015-08-01,A DIVISION,7,1,11418,12953,88.1494634
2015-08-01,A DIVISION,S 42nd,1,12764,12843,99.3848789
2015-08-01,B DIVISION,A,1,5204,7702,67.5668657
2015-08-01,B DIVISION,B,1,3386,4326,78.27092
2015-08-01,B DIVISION,C,1,3549,4200,84.5
2015-08-01,B DIVISION,D,1,4083,5470,74.6435101
2015-08-01,B DIVISION,E,1,5943,8296,71.6369335
2015-08-01,B DIVISION,F,1,4607,7992,57.6451451
2015-08-01,B DIVISION,G,1,3940,5885,66.9498726
2015-08-01,B DIVISION,JZ,1,4421,5738,77.0477518
2015-08-01,B DIVISION,L,1,9867,10603,93.0585683
2015-08-01,B DIVISION,M,1,3855,5586,69.0118153
2015-08-01,B DIVISION,N,1,3733,5586,66.8277837
2015-08-01,B DIVISION,Q,1,4245,5623,75.4935088
2015-08-01,B DIVISION,R,1,3798,5964,63.6820926
2015-08-01,B DIVISION,S Fkln,1,2469,2478,99.6368039
2015-08-01,B DIVISION,S Rock,1,3380,3533,95.6694028
2015-08-01,Systemwide,Systemwide,1,117103,163019,71.833958
2015-09-01,A DIVISION,1,1,7435,9451,78.6689239
2015-09-01,A DIVISION,2,1,2957,6517,45.3736382
2015-09-01,A DIVISION,3,1,4255,6398,66.5051579
2015-09-01,A DIVISION,4,1,3453,7875,43.847619
2015-09-01,A DIVISION,5,1,2602,6822,38.1413075
2015-09-01,A DIVISION,6,1,5278,11725,45.0149254
2015-09-01,A DIVISION,7,1,10554,12963,81.4163388
2015-09-01,A DIVISION,S 42nd,1,12197,12291,99.2352128
2015-09-01,B DIVISION,A,1,4993,8030,62.1793275
2015-09-01,B DIVISION,B,1,3514,4326,81.2297735
2015-09-01,B DIVISION,C,1,3062,4200,72.9047619
2015-09-01,B DIVISION,D,1,4124,5562,74.1459907
2015-09-01,B DIVISION,E,1,5397,8304,64.9927746
2015-09-01,B DIVISION,F,1,4541,8004,56.7341329
2015-09-01,B DIVISION,G,1,4066,6018,67.5639747
2015-09-01,B DIVISION,JZ,1,4026,5736,70.1882845
2015-09-01,B DIVISION,L,1,10082,10644,94.7200301
2015-09-01,B DIVISION,M,1,4138,5586,74.0780523
2015-09-01,B DIVISION,N,1,3719,5586,66.5771572
2015-09-01,B DIVISION,Q,1,4395,5625,78.1333333
2015-09-01,B DIVISION,R,1,3755,5964,62.9610999
2015-09-01,B DIVISION,S Fkln,1,2475,2478,99.8789346
2015-09-01,B DIVISION,S Rock,1,3385,3514,96.3289698
2015-09-01,Systemwide,Systemwide,1,114403,163619,69.9203638
2015-10-01,A DIVISION,1,1,7194,9932,72.4325413
2015-10-01,A DIVISION,2,1,2794,6804,41.06408
2015-10-01,A DIVISION,3,1,4131,6704,61.6199284
2015-10-01,A DIVISION,4,1,3411,8264,41.2754114
2015-10-01,A DIVISION,5,1,2561,7106,36.0399662
2015-10-01,A DIVISION,6,1,4617,12248,37.6959504
2015-10-01,A DIVISION,7,1,11688,13576,86.0931055
2015-10-01,A DIVISION,S 42nd,1,12635,12873,98.1511691
2015-10-01,B DIVISION,A,1,5203,8323,62.5135168
2015-10-01,B DIVISION,B,1,3648,4532,80.494263
2015-10-01,B DIVISION,C,1,3219,4362,73.7964237
2015-10-01,B DIVISION,D,1,4274,5826,73.3607964
2015-10-01,B DIVISION,E,1,5555,8696,63.8799448
2015-10-01,B DIVISION,F,1,4493,8380,53.6157518
2015-10-01,B DIVISION,G,1,4029,6164,65.3634004
2015-10-01,B DIVISION,JZ,1,3972,6010,66.0898502
2015-10-01,B DIVISION,L,1,9713,10802,89.9185336
2015-10-01,B DIVISION,M,1,4038,5852,69.0020506
2015-10-01,B DIVISION,N,1,3925,5852,67.0710868
2015-10-01,B DIVISION,Q,1,4357,5892,73.9477257
2015-10-01,B DIVISION,R,1,3670,6248,58.7387964
2015-10-01,B DIVISION,S Fkln,1,2566,2596,98.844376
2015-10-01,B DIVISION,S Rock,1,3533,3668,96.3195202
2015-10-01,Systemwide,Systemwide,1,115226,170710,67.4980962
2015-11-01,A DIVISION,1,1,6798,9025,75.3240997
2015-11-01,A DIVISION,2,1,2576,6180,41.6828479
2015-11-01,A DIVISION,3,1,3878,5896,65.7734057
2015-11-01,A DIVISION,4,1,3205,7504,42.7105544
2015-11-01,A DIVISION,5,1,2524,6495,38.860662
2015-11-01,A DIVISION,6,1,5032,11316,44.4680099
2015-11-01,A DIVISION,7,1,10250,12396,82.6879639
2015-11-01,A DIVISION,S 42nd,1,11794,11851,99.5190279
2015-11-01,B DIVISION,A,1,4938,7365,67.0468432
2015-11-01,B DIVISION,B,1,2649,4120,64.2961165
2015-11-01,B DIVISION,C,1,2961,3936,75.2286585
2015-11-01,B DIVISION,D,1,3761,5295,71.0292729
2015-11-01,B DIVISION,E,1,5607,7900,70.9746835
2015-11-01,B DIVISION,F,1,4199,7610,55.1773982
2015-11-01,B DIVISION,G,1,4005,5652,70.8598726
2015-11-01,B DIVISION,JZ,1,3626,5465,66.3494968
2015-11-01,B DIVISION,L,1,9242,10003,92.3922823
2015-11-01,B DIVISION,M,1,3611,5320,67.8759398
2015-11-01,B DIVISION,N,1,2898,5320,54.4736842
2015-11-01,B DIVISION,Q,1,2644,5355,49.3744164
2015-11-01,B DIVISION,R,1,3150,5680,55.4577465
2015-11-01,B DIVISION,S Fkln,1,2351,2360,99.6186441
2015-11-01,B DIVISION,S Rock,1,3223,3317,97.166114
2015-11-01,Systemwide,Systemwide,1,104922,155361,67.5343233
2015-12-01,A DIVISION,1,1,7587,9932,76.3894482
2015-12-01,A DIVISION,2,1,2930,6900,42.4637681
2015-12-01,A DIVISION,3,1,4261,6620,64.3655589
2015-12-01,A DIVISION,4,1,3603,8107,44.4430739
2015-12-01,A DIVISION,5,1,2729,7146,38.1891968
2015-12-01,A DIVISION,6,1,6053,12470,48.5404972
2015-12-01,A DIVISION,7,1,11066,13648,81.0814771
2015-12-01,A DIVISION,S 42nd,1,12708,12883,98.6416207
2015-12-01,B DIVISION,A,1,5659,8070,70.1239157
2015-12-01,B DIVISION,B,1,3413,4532,75.3089144
2015-12-01,B DIVISION,C,1,3290,4400,74.7727273
2015-12-01,B DIVISION,D,1,4305,5922,72.6950355
2015-12-01,B DIVISION,E,1,5950,8692,68.4537506
2015-12-01,B DIVISION,F,1,4766,8376,56.9006686
2015-12-01,B DIVISION,G,1,4800,6102,78.6627335
2015-12-01,B DIVISION,JZ,1,3953,6010,65.7737105
2015-12-01,B DIVISION,L,1,10220,11177,91.437774
2015-12-01,B DIVISION,M,1,4065,5888,69.0387228
2015-12-01,B DIVISION,N,1,3788,5848,64.7742818
2015-12-01,B DIVISION,Q,1,3997,5892,67.8377461
2015-12-01,B DIVISION,R,1,3723,6248,59.5870679
2015-12-01,B DIVISION,S Fkln,1,2577,2596,99.2681048
2015-12-01,B DIVISION,S Rock,1,3552,3700,96
2015-12-01,Systemwide,Systemwide,1,118995,171159,69.523075
2016-01-01,A DIVISION,1,1,6964,9028,77.1377935
2016-01-01,A DIVISION,2,1,2592,6264,41.3793103
2016-01-01,A DIVISION,3,1,3884,6092,63.7557452
2016-01-01,A DIVISION,4,1,2952,7348,40.1741971
2016-01-01,A DIVISION,5,1,2457,6496,37.8232759
2016-01-01,A DIVISION,6,1,5061,11132,45.4635286
2016-01-01,A DIVISION,7,1,9692,12420,78.0354267
2016-01-01,A DIVISION,S 42nd,1,11593,11709,99.0093091
2016-01-01,B DIVISION,A,1,4904,7435,65.9583053
2016-01-01,B DIVISION,B,1,2855,4120,69.2961165
2016-01-01,B DIVISION,C,1,3133,4000,78.325
2016-01-01,B DIVISION,D,1,3665,5252,69.7829398
2016-01-01,B DIVISION,E,1,5445,7900,68.9240506
2016-01-01,B DIVISION,F,1,4288,7612,56.3321072
2016-01-01,B DIVISION,G,1,4429,5600,79.0892857
2016-01-01,B DIVISION,JZ,1,3452,5661,60.9786257
2016-01-01,B DIVISION,L,1,8908,10100,88.1980198
2016-01-01,B DIVISION,M,1,3520,5360,65.6716418
2016-01-01,B DIVISION,N,1,3429,5557,61.7059565
2016-01-01,B DIVISION,Q,1,3506,5356,65.459298
2016-01-01,B DIVISION,R,1,3475,5680,61.1795775
2016-01-01,B DIVISION,S Fkln,1,2359,2360,99.9576271
2016-01-01,B DIVISION,S Rock,1,3232,3364,96.0760999
2016-01-01,Systemwide,Systemwide,1,105795,155846,67.8843217
2016-02-01,A DIVISION,1,1,6774,8974,75.4847337
2016-02-01,A DIVISION,2,1,2503,6264,39.958493
2016-02-01,A DIVISION,3,1,3779,6064,62.3186016
2016-02-01,A DIVISION,4,1,2677,7348,36.4316821
2016-02-01,A DIVISION,5,1,2462,6496,37.9002463
2016-02-01,A DIVISION,6,1,4729,11255,42.0168814
2016-02-01,A DIVISION,7,1,9143,12420,73.6151369
2016-02-01,A DIVISION,S 42nd,1,12118,12154,99.7038012
2016-02-01,B DIVISION,A,1,4858,7426,65.4187988
2016-02-01,B DIVISION,B,1,2917,4120,70.8009709
2016-02-01,B DIVISION,C,1,3078,4000,76.95
2016-02-01,B DIVISION,D,1,3443,5252,65.5559787
2016-02-01,B DIVISION,E,1,5379,7900,68.0886076
2016-02-01,B DIVISION,F,1,4527,7612,59.4718865
2016-02-01,B DIVISION,G,1,4550,5600,81.25
2016-02-01,B DIVISION,JZ,1,4084,5799,70.4259355
2016-02-01,B DIVISION,L,1,9106,10100,90.1584158
2016-02-01,B DIVISION,M,1,3705,5360,69.1231343
2016-02-01,B DIVISION,N,1,3251,5316,61.1550038
2016-02-01,B DIVISION,Q,1,3839,5356,71.6766243
2016-02-01,B DIVISION,R,1,3394,5680,59.7535211
2016-02-01,B DIVISION,S Fkln,1,2356,2360,99.8305085
2016-02-01,B DIVISION,S Rock,1,3271,3364,97.235434
2016-02-01,Systemwide,Systemwide,1,105943,156220,67.8165408
2016-03-01,A DIVISION,1,1,7160,10566,67.7645277
2016-03-01,A DIVISION,2,1,2998,7330,40.9004093
2016-03-01,A DIVISION,3,1,4408,6982,63.1337726
2016-03-01,A DIVISION,4,1,3472,8452,41.0790345
2016-03-01,A DIVISION,5,1,2746,7471,36.7554544
2016-03-01,A DIVISION,6,1,6605,12934,51.0669553
2016-03-01,A DIVISION,7,1,10826,14316,75.621682
2016-03-01,A DIVISION,S 42nd,1,13482,13523,99.6968128
2016-03-01,B DIVISION,A,1,5493,8437,65.1060804
2016-03-01,B DIVISION,B,1,3538,4706,75.1806205
2016-03-01,B DIVISION,C,1,3254,4600,70.7391304
2016-03-01,B DIVISION,D,1,4412,6409,68.8406928
2016-03-01,B DIVISION,E,1,6353,9088,69.9053697
2016-03-01,B DIVISION,F,1,5485,8758,62.628454
2016-03-01,B DIVISION,G,1,4962,6440,77.0496894
2016-03-01,B DIVISION,JZ,1,4173,6377,65.4382939
2016-03-01,B DIVISION,L,1,10398,11615,89.5221696
2016-03-01,B DIVISION,M,1,4169,6164,67.6346528
2016-03-01,B DIVISION,N,1,4140,6257,66.1658942
2016-03-01,B DIVISION,Q,1,4444,6160,72.1428571
2016-03-01,B DIVISION,R,1,4038,6532,61.8187385
2016-03-01,B DIVISION,S Fkln,1,2699,2714,99.4473102
2016-03-01,B DIVISION,S Rock,1,1822,1932,94.3064182
2016-03-01,Systemwide,Systemwide,1,121077,177763,68.1114743
2016-04-01,A DIVISION,1,1,6994,9676,72.2819347
2016-04-01,A DIVISION,2,1,2707,6981,38.7766796
2016-04-01,A DIVISION,3,1,3952,6426,61.5001556
2016-04-01,A DIVISION,4,1,3081,7716,39.9300156
2016-04-01,A DIVISION,5,1,2612,6787,38.4853396
2016-04-01,A DIVISION,6,1,6171,11690,52.7887083
2016-04-01,A DIVISION,7,1,9874,13103,75.3567885
2016-04-01,A DIVISION,S 42nd,1,12321,12495,98.607443
2016-04-01,B DIVISION,A,1,4900,7703,63.6115799
2016-04-01,B DIVISION,B,1,3102,4326,71.7059639
2016-04-01,B DIVISION,C,1,2961,4200,70.5
2016-04-01,B DIVISION,D,1,4060,5762,70.4616453
2016-04-01,B DIVISION,E,1,5805,8296,69.9734812
2016-04-01,B DIVISION,F,1,5102,8117,62.8557349
2016-04-01,B DIVISION,G,1,4977,6056,82.182959
2016-04-01,B DIVISION,JZ,1,3809,5737,66.3935855
2016-04-01,B DIVISION,L,1,9828,10605,92.6732673
2016-04-01,B DIVISION,M,1,4096,5628,72.7789623
2016-04-01,B DIVISION,N,1,3837,5582,68.7388033
2016-04-01,B DIVISION,Q,1,4447,5624,79.071835
2016-04-01,B DIVISION,R,1,3747,5964,62.8269618
2016-04-01,B DIVISION,S Fkln,1,2476,2478,99.9192897
2016-04-01,B DIVISION,S Rock,1,1622,1764,91.9501134
2016-04-01,Systemwide,Systemwide,1,112481,162716,69.1271909
2016-05-01,A DIVISION,1,1,7303,9480,77.035865
2016-05-01,A DIVISION,2,1,2220,6578,33.7488598
2016-05-01,A DIVISION,3,1,3696,6398,57.7680525
2016-05-01,A DIVISION,4,1,2940,7716,38.1026439
2016-05-01,A DIVISION,5,1,2341,6701,34.9350843
2016-05-01,A DIVISION,6,1,6266,11690,53.6013687
2016-05-01,A DIVISION,7,1,9779,13042,74.9808312
2016-05-01,A DIVISION,S 42nd,1,12194,12222,99.7709049
2016-05-01,B DIVISION,A,1,4945,7703,64.1957679
2016-05-01,B DIVISION,B,1,3297,4326,76.2135922
2016-05-01,B DIVISION,C,1,3095,4200,73.6904762
2016-05-01,B DIVISION,D,1,3883,5515,70.4079782
2016-05-01,B DIVISION,E,1,5856,8296,70.5882353
2016-05-01,B DIVISION,F,1,5382,7994,67.3254941
2016-05-01,B DIVISION,G,1,5434,6383,85.1323829
2016-05-01,B DIVISION,JZ,1,3562,5737,62.0881994
2016-05-01,B DIVISION,L,1,9841,10605,92.795851
2016-05-01,B DIVISION,M,1,4102,5628,72.8855721
2016-05-01,B DIVISION,N,1,3464,5582,62.0566105
2016-05-01,B DIVISION,Q,1,3868,5624,68.7766714
2016-05-01,B DIVISION,R,1,3565,5951,59.9058982
2016-05-01,B DIVISION,S Fkln,1,2474,2478,99.8385795
2016-05-01,B DIVISION,S Rock,1,1670,1764,94.6712018
2016-05-01,Systemwide,Systemwide,1,111177,161613,68.7921145
2016-06-01,A DIVISION,1,1,7276,10016,72.64377
2016-06-01,A DIVISION,2,1,2613,7074,36.9380831
2016-06-01,A DIVISION,3,1,4022,6732,59.7445039
2016-06-01,A DIVISION,4,1,3276,8140,40.2457002
2016-06-01,A DIVISION,5,1,2841,7202,39.4473757
2016-06-01,A DIVISION,6,1,6097,12464,48.9168806
2016-06-01,A DIVISION,7,1,10646,13664,77.9127635
2016-06-01,A DIVISION,S 42nd,1,13119,13268,98.8769973
2016-06-01,B DIVISION,A,1,4953,8143,60.8252487
2016-06-01,B DIVISION,B,1,3119,4532,68.8217123
2016-06-01,B DIVISION,C,1,3114,4400,70.7727273
2016-06-01,B DIVISION,D,1,3799,5778,65.7493943
2016-06-01,B DIVISION,E,1,5777,8748,66.0379515
2016-06-01,B DIVISION,F,1,4868,8376,58.1184336
2016-06-01,B DIVISION,G,1,5341,6527,81.8293243
2016-06-01,B DIVISION,JZ,1,4257,6091,69.8900016
2016-06-01,B DIVISION,L,1,10126,11110,91.1431143
2016-06-01,B DIVISION,M,1,4165,5924,70.3072248
2016-06-01,B DIVISION,N,1,3670,5876,62.4574541
2016-06-01,B DIVISION,Q,1,4125,5892,70.0101833
2016-06-01,B DIVISION,R,1,3755,6248,60.0992318
2016-06-01,B DIVISION,S Fkln,1,2595,2596,99.9614792
2016-06-01,B DIVISION,S Rock,1,1701,1845,92.195122
2016-06-01,Systemwide,Systemwide,1,115255,170646,67.5404053
2016-07-01,A DIVISION,1,1,6823,8965,76.1070831
2016-07-01,A DIVISION,2,1,1808,6248,28.9372599
2016-07-01,A DIVISION,3,1,3340,5999,55.675946
2016-07-01,A DIVISION,4,1,2575,7311,35.2209
2016-07-01,A DIVISION,5,1,2496,6459,38.6437529
2016-07-01,A DIVISION,6,1,5203,10913,47.6770824
2016-07-01,A DIVISION,7,1,9730,12369,78.6644029
2016-07-01,A DIVISION,S 42nd,1,11729,11953,98.1259935
2016-07-01,B DIVISION,A,1,4529,7241,62.5466096
2016-07-01,B DIVISION,B,1,2846,4073,69.8747852
2016-07-01,B DIVISION,C,1,2680,3943,67.9685519
2016-07-01,B DIVISION,D,1,3477,5217,66.6474986
2016-07-01,B DIVISION,E,1,5147,7765,66.2846104
2016-07-01,B DIVISION,F,1,4274,7478,57.1543193
2016-07-01,B DIVISION,G,1,5340,6282,85.0047755
2016-07-01,B DIVISION,JZ,1,3548,5483,64.7091009
2016-07-01,B DIVISION,L,1,8664,9913,87.4003833
2016-07-01,B DIVISION,M,1,3690,5342,69.0752527
2016-07-01,B DIVISION,N,1,3393,5464,62.0973646
2016-07-01,B DIVISION,Q,1,3602,5260,68.4790875
2016-07-01,B DIVISION,R,1,3243,5658,57.3170732
2016-07-01,B DIVISION,S Fkln,1,2295,2318,99.0077653
2016-07-01,B DIVISION,S Rock,1,1584,1671,94.7935368
2016-07-01,Systemwide,Systemwide,1,102016,153325,66.53579
2016-08-01,A DIVISION,1,1,7918,10519,75.273315
2016-08-01,A DIVISION,2,1,2598,7370,35.2510176
2016-08-01,A DIVISION,3,1,3837,6954,55.1768766
2016-08-01,A DIVISION,4,1,3549,8541,41.5525114
2016-08-01,A DIVISION,5,1,2908,7562,38.4554351
2016-08-01,A DIVISION,6,1,7342,13066,56.1916424
2016-08-01,A DIVISION,7,1,11604,14281,81.2548141
2016-08-01,A DIVISION,S 42nd,1,14432,14597,98.8696307
2016-08-01,B DIVISION,A,1,5586,8487,65.8183104
2016-08-01,B DIVISION,B,1,3415,4738,72.0768257
2016-08-01,B DIVISION,C,1,3363,4600,73.1086957
2016-08-01,B DIVISION,D,1,4159,6072,68.4947299
2016-08-01,B DIVISION,E,1,6431,9175,70.0926431
2016-08-01,B DIVISION,F,1,5392,8751,61.6158153
2016-08-01,B DIVISION,G,1,5352,6478,82.618092
2016-08-01,B DIVISION,JZ,1,4047,6417,63.0668537
2016-08-01,B DIVISION,L,1,11161,12138,91.950898
2016-08-01,B DIVISION,M,1,4193,6210,67.5201288
2016-08-01,B DIVISION,N,1,3932,6159,63.8415327
2016-08-01,B DIVISION,Q,1,4422,6159,71.7973697
2016-08-01,B DIVISION,R,1,3619,6501,55.6683587
2016-08-01,B DIVISION,S Fkln,1,2697,2714,99.3736183
2016-08-01,B DIVISION,S Rock,1,1765,1927,91.59315
2016-08-01,Systemwide,Systemwide,1,123722,179416,68.9581754
2016-09-01,A DIVISION,1,1,6098,9609,63.4613383
2016-09-01,A DIVISION,2,1,2469,7143,34.5653087
2016-09-01,A DIVISION,3,1,2861,5922,48.3113813
2016-09-01,A DIVISION,4,1,2862,7839,36.5097589
2016-09-01,A DIVISION,5,1,2471,6906,35.7804807
2016-09-01,A DIVISION,6,1,5804,11823,49.0907553
2016-09-01,A DIVISION,7,1,10718,13047,82.1491531
2016-09-01,A DIVISION,S 42nd,1,13818,13979,98.8482724
2016-09-01,B DIVISION,A,1,4878,7749,62.9500581
2016-09-01,B DIVISION,B,1,2885,4326,66.6897827
2016-09-01,B DIVISION,C,1,2831,4200,67.4047619
2016-09-01,B DIVISION,D,1,3595,5517,65.1622258
2016-09-01,B DIVISION,E,1,5547,8385,66.1538462
2016-09-01,B DIVISION,F,1,4786,8001,59.8175228
2016-09-01,B DIVISION,G,1,4800,5996,80.0533689
2016-09-01,B DIVISION,JZ,1,3768,5859,64.3113159
2016-09-01,B DIVISION,L,1,9691,10605,91.3814239
2016-09-01,B DIVISION,M,1,3774,5670,66.5608466
2016-09-01,B DIVISION,N,1,3331,5625,59.2177778
2016-09-01,B DIVISION,Q,1,3837,5793,66.2351113
2016-09-01,B DIVISION,R,1,3377,5984,56.4338235
2016-09-01,B DIVISION,S Fkln,1,2461,2478,99.3139629
2016-09-01,B DIVISION,S Rock,1,1633,1761,92.7314026
2016-09-01,Systemwide,Systemwide,1,108295,164217,65.9462784
2016-10-01,A DIVISION,1,1,6227,9603,64.8443195
2016-10-01,A DIVISION,2,1,2587,7150,36.1818182
2016-10-01,A DIVISION,3,1,3230,6006,53.7795538
2016-10-01,A DIVISION,4,1,2844,7797,36.4755675
2016-10-01,A DIVISION,5,1,2561,6904,37.094438
2016-10-01,A DIVISION,6,1,6042,12257,49.2942808
2016-10-01,A DIVISION,7,1,10283,13037,78.8755082
2016-10-01,A DIVISION,S 42nd,1,13538,13630,99.3250183
2016-10-01,B DIVISION,A,1,4598,7749,59.3366886
2016-10-01,B DIVISION,B,1,2488,4326,57.5127138
2016-10-01,B DIVISION,C,1,2621,4170,62.853717
2016-10-01,B DIVISION,D,1,3460,5513,62.7607473
2016-10-01,B DIVISION,E,1,5291,8375,63.1761194
2016-10-01,B DIVISION,F,1,4411,7987,55.2272443
2016-10-01,B DIVISION,G,1,4464,5880,75.9183673
2016-10-01,B DIVISION,JZ,1,3885,5859,66.3082437
2016-10-01,B DIVISION,L,1,9491,10605,89.495521
2016-10-01,B DIVISION,M,1,3621,5670,63.8624339
2016-10-01,B DIVISION,N,1,3368,5623,59.8968522
2016-10-01,B DIVISION,Q,1,3913,5908,66.2322275
2016-10-01,B DIVISION,R,1,3094,5964,51.8779343
2016-10-01,B DIVISION,S Fkln,1,2469,2478,99.6368039
2016-10-01,B DIVISION,S Rock,1,1625,1759,92.3820352
2016-10-01,Systemwide,Systemwide,1,106111,164250,64.6033486
2016-11-01,A DIVISION,1,1,6535,9606,68.0303977
2016-11-01,A DIVISION,2,1,2401,6793,35.3452083
2016-11-01,A DIVISION,3,1,3481,6398,54.4076274
2016-11-01,A DIVISION,4,1,2602,7878,33.0286875
2016-11-01,A DIVISION,5,1,2441,6905,35.3511948
2016-11-01,A DIVISION,6,1,5172,11816,43.7711578
2016-11-01,A DIVISION,7,1,10253,13110,78.2074752
2016-11-01,A DIVISION,S 42nd,1,12721,12883,98.7425289
2016-11-01,B DIVISION,A,1,4201,7749,54.2134469
2016-11-01,B DIVISION,B,1,2252,4326,52.0573278
2016-11-01,B DIVISION,C,1,2535,4182,60.6169297
2016-11-01,B DIVISION,D,1,3516,5515,63.7533998
2016-11-01,B DIVISION,E,1,5470,8380,65.274463
2016-11-01,B DIVISION,F,1,3698,7994,46.2596948
2016-11-01,B DIVISION,G,1,4434,5880,75.4081633
2016-11-01,B DIVISION,JZ,1,3687,5859,62.9288274
2016-11-01,B DIVISION,L,1,9796,10728,91.3124534
2016-11-01,B DIVISION,M,1,3587,5704,62.8856942
2016-11-01,B DIVISION,N,1,3244,5743,56.4861571
2016-11-01,B DIVISION,Q,1,4179,6300,66.3333333
2016-11-01,B DIVISION,R,1,4147,5960,69.5805369
2016-11-01,B DIVISION,S Fkln,1,2461,2478,99.3139629
2016-11-01,B DIVISION,S Rock,1,1615,1760,91.7613636
2016-11-01,B DIVISION,W,1,2458,3213,76.5017118
2016-11-01,Systemwide,Systemwide,1,106886,167160,63.9423307
2016-12-01,A DIVISION,1,1,6547,9609,68.134041
2016-12-01,A DIVISION,2,1,2153,6758,31.858538
2016-12-01,A DIVISION,3,1,3619,6398,56.5645514
2016-12-01,A DIVISION,4,1,2537,7803,32.513136
2016-12-01,A DIVISION,5,1,2424,6906,35.0999131
2016-12-01,A DIVISION,6,1,4659,11823,39.4062421
2016-12-01,A DIVISION,7,1,9857,13131,75.0666362
2016-12-01,A DIVISION,S 42nd,1,12604,12813,98.3688441
2016-12-01,B DIVISION,A,1,4573,7749,59.0140663
2016-12-01,B DIVISION,B,1,2501,4326,57.8132224
2016-12-01,B DIVISION,C,1,2431,4200,57.8809524
2016-12-01,B DIVISION,D,1,3341,5620,59.4483986
2016-12-01,B DIVISION,E,1,5197,8385,61.9797257
2016-12-01,B DIVISION,F,1,4139,8212,50.4018509
2016-12-01,B DIVISION,G,1,4472,5880,76.0544218
2016-12-01,B DIVISION,JZ,1,3497,5859,59.6859532
2016-12-01,B DIVISION,L,1,9301,10605,87.7039132
2016-12-01,B DIVISION,M,1,3307,5712,57.8956583
2016-12-01,B DIVISION,N,1,3246,5772,56.2370062
2016-12-01,B DIVISION,Q,1,4709,6462,72.8721758
2016-12-01,B DIVISION,R,1,3423,5961,57.4232511
2016-12-01,B DIVISION,S Fkln,1,2470,2478,99.677159
2016-12-01,B DIVISION,S Rock,1,1630,1761,92.5610449
2016-12-01,B DIVISION,W,1,2555,3969,64.3738977
2016-12-01,Systemwide,Systemwide,1,105192,168192,62.5428082
2017-01-01,A DIVISION,1,1,6991,9606,72.7774308
2017-01-01,A DIVISION,2,1,2249,6662,33.758631
2017-01-01,A DIVISION,3,1,3451,6398,53.9387309
2017-01-01,A DIVISION,4,1,2459,7800,31.525641
2017-01-01,A DIVISION,5,1,2410,6905,34.9022448
2017-01-01,A DIVISION,6,1,5582,11816,47.2410291
2017-01-01,A DIVISION,7,1,10074,13126,76.7484382
2017-01-01,A DIVISION,S 42nd,1,13158,13225,99.4933837
2017-01-01,B DIVISION,A,1,4836,7749,62.4080527
2017-01-01,B DIVISION,B,1,2421,4326,55.963939
2017-01-01,B DIVISION,C,1,2596,4200,61.8095238
2017-01-01,B DIVISION,D,1,3306,5515,59.9456029
2017-01-01,B DIVISION,E,1,5222,8380,62.3150358
2017-01-01,B DIVISION,F,1,4074,8171,49.8592584
2017-01-01,B DIVISION,G,1,4571,5880,77.7380952
2017-01-01,B DIVISION,JZ,1,3717,5859,63.4408602
2017-01-01,B DIVISION,L,1,9772,10605,92.1452145
2017-01-01,B DIVISION,M,1,3360,5712,58.8235294
2017-01-01,B DIVISION,N,1,3027,5771,52.4519147
2017-01-01,B DIVISION,Q,1,4125,6460,63.8544892
2017-01-01,B DIVISION,R,1,3782,5960,63.4563758
2017-01-01,B DIVISION,S Fkln,1,2475,2478,99.8789346
2017-01-01,B DIVISION,S Rock,1,1678,1760,95.3409091
2017-01-01,B DIVISION,W,1,2542,3969,64.0463593
2017-01-01,Systemwide,Systemwide,1,107878,168333,64.0860675
2017-02-01,A DIVISION,1,1,5204,8671,60.0161458
2017-02-01,A DIVISION,2,1,1648,6030,27.3300166
2017-02-01,A DIVISION,3,1,2782,5534,50.2710517
2017-02-01,A DIVISION,4,1,2357,7059,33.3899986
2017-02-01,A DIVISION,5,1,2013,6248,32.2183099
2017-02-01,A DIVISION,6,1,5030,10695,47.031323
2017-02-01,A DIVISION,7,1,8213,11879,69.1388164
2017-02-01,A DIVISION,S 42nd,1,11760,11871,99.0649482
2017-02-01,B DIVISION,A,1,3870,7011,55.198973
2017-02-01,B DIVISION,B,1,2181,3818,57.1241488
2017-02-01,B DIVISION,C,1,2204,3800,58
2017-02-01,B DIVISION,D,1,2985,5297,56.3526524
2017-02-01,B DIVISION,E,1,4964,7585,65.4449572
2017-02-01,B DIVISION,F,1,3577,7345,48.6997958
2017-02-01,B DIVISION,G,1,4062,5320,76.3533835
2017-02-01,B DIVISION,JZ,1,3449,5301,65.0631956
2017-02-01,B DIVISION,L,1,8832,9636,91.6562889
2017-02-01,B DIVISION,M,1,3132,5168,60.6037152
2017-02-01,B DIVISION,N,1,2847,5222,54.5193412
2017-02-01,B DIVISION,Q,1,3967,5846,67.8583647
2017-02-01,B DIVISION,R,1,3684,5364,68.6800895
2017-02-01,B DIVISION,S Fkln,1,2237,2242,99.7769848
2017-02-01,B DIVISION,S Rock,1,1465,1593,91.9648462
2017-02-01,B DIVISION,W,1,2459,3591,68.4767474
2017-02-01,Systemwide,Systemwide,1,94922,152126,62.3969604
2017-03-01,A DIVISION,1,1,7010,10039,69.8276721
2017-03-01,A DIVISION,2,1,2120,6955,30.4816679
2017-03-01,A DIVISION,3,1,3013,6176,48.7856218
2017-03-01,A DIVISION,4,1,2698,8146,33.12055
2017-03-01,A DIVISION,5,1,2235,7150,31.2587413
2017-03-01,A DIVISION,6,1,6023,12351,48.7652822
2017-03-01,A DIVISION,7,1,10231,13724,74.5482367
2017-03-01,A DIVISION,S 42nd,1,13668,13697,99.7882748
2017-03-01,B DIVISION,A,1,4239,7867,53.88331
2017-03-01,B DIVISION,B,1,2606,4508,57.8083407
2017-03-01,B DIVISION,C,1,2595,4400,58.9772727
2017-03-01,B DIVISION,D,1,3242,5750,56.3826087
2017-03-01,B DIVISION,E,1,5270,8750,60.2285714
2017-03-01,B DIVISION,F,1,3947,8350,47.2694611
2017-03-01,B DIVISION,G,1,4501,6136,73.3539765
2017-03-01,B DIVISION,JZ,1,3747,6113,61.2955995
2017-03-01,B DIVISION,L,1,10294,11113,92.6302529
2017-03-01,B DIVISION,M,1,3720,5885,63.2115548
2017-03-01,B DIVISION,N,1,3229,6022,53.6200598
2017-03-01,B DIVISION,Q,1,4480,6744,66.4294187
2017-03-01,B DIVISION,R,1,4117,6135,67.1067645
2017-03-01,B DIVISION,S Fkln,1,2453,2454,99.9592502
2017-03-01,B DIVISION,S Rock,1,1728,1833,94.2716858
2017-03-01,B DIVISION,W,1,2744,4158,65.993266
2017-03-01,Systemwide,Systemwide,1,109910,174456,63.0015591
2017-04-01,A DIVISION,1,1,6455,9148,70.5618714
2017-04-01,A DIVISION,2,1,2106,6476,32.5200741
2017-04-01,A DIVISION,3,1,3126,5812,53.7852719
2017-04-01,A DIVISION,4,1,2218,7428,29.8599892
2017-04-01,A DIVISION,5,1,2033,6576,30.9154501
2017-04-01,A DIVISION,6,1,6014,11252,53.4482759
2017-04-01,A DIVISION,7,1,9069,12500,72.552
2017-04-01,A DIVISION,S 42nd,1,12061,12274,98.2646244
2017-04-01,B DIVISION,A,1,4230,7380,57.3170732
2017-04-01,B DIVISION,B,1,2459,4120,59.684466
2017-04-01,B DIVISION,C,1,2414,4000,60.35
2017-04-01,B DIVISION,D,1,2699,5252,51.3899467
2017-04-01,B DIVISION,E,1,4789,7980,60.0125313
2017-04-01,B DIVISION,F,1,3460,7612,45.4545455
2017-04-01,B DIVISION,G,1,4210,5600,75.1785714
2017-04-01,B DIVISION,JZ,1,3316,5580,59.4265233
2017-04-01,B DIVISION,L,1,9980,10605,94.1065535
2017-04-01,B DIVISION,M,1,3368,5440,61.9117647
2017-04-01,B DIVISION,N,1,2808,5496,51.0917031
2017-04-01,B DIVISION,Q,1,4231,6152,68.7743823
2017-04-01,B DIVISION,R,1,4025,5676,70.9126145
2017-04-01,B DIVISION,S Fkln,1,2360,2360,100
2017-04-01,B DIVISION,S Rock,1,1636,1676,97.6133652
2017-04-01,B DIVISION,W,1,2457,3780,65
2017-04-01,Systemwide,Systemwide,1,101524,160175,63.3831747
2017-05-01,A DIVISION,1,1,7108,10064,70.6279809
2017-05-01,A DIVISION,2,1,2097,6980,30.0429799
2017-05-01,A DIVISION,3,1,3277,6508,50.3534112
2017-05-01,A DIVISION,4,1,2325,8309,27.9817066
2017-05-01,A DIVISION,5,1,1851,7066,26.1958675
2017-05-01,A DIVISION,6,1,6352,12380,51.3085622
2017-05-01,A DIVISION,7,1,10491,13752,76.2870855
2017-05-01,A DIVISION,S 42nd,1,13393,13492,99.2662318
2017-05-01,B DIVISION,A,1,4132,8118,50.8992363
2017-05-01,B DIVISION,B,1,2396,4532,52.8684907
2017-05-01,B DIVISION,C,1,2568,4400,58.3636364
2017-05-01,B DIVISION,D,1,3131,5952,52.6041667
2017-05-01,B DIVISION,E,1,4655,8780,53.0182232
2017-05-01,B DIVISION,F,1,3228,8376,38.5386819
2017-05-01,B DIVISION,G,1,4308,6160,69.9350649
2017-05-01,B DIVISION,JZ,1,3708,6138,60.4105572
2017-05-01,B DIVISION,L,1,10553,11288,93.4886605
2017-05-01,B DIVISION,M,1,3864,5984,64.5721925
2017-05-01,B DIVISION,N,1,3126,6139,50.9203453
2017-05-01,B DIVISION,Q,1,4304,6768,63.5933806
2017-05-01,B DIVISION,R,1,4557,6178,73.7617352
2017-05-01,B DIVISION,S Fkln,1,2564,2596,98.7673344
2017-05-01,B DIVISION,S Rock,1,1758,1844,95.3362256
2017-05-01,B DIVISION,W,1,2764,4158,66.4742665
2017-05-01,Systemwide,Systemwide,1,108510,175962,61.6667235
2017-06-01,A DIVISION,1,1,6822,10507,64.9281431
2017-06-01,A DIVISION,2,1,1927,6981,27.6034952
2017-06-01,A DIVISION,3,1,2920,6477,45.0826
2017-06-01,A DIVISION,4,1,2478,8219,30.1496532
2017-06-01,A DIVISION,5,1,2273,7212,31.5169163
2017-06-01,A DIVISION,6,1,6758,12380,54.5880452
2017-06-01,A DIVISION,7,1,10222,13813,74.002751
2017-06-01,A DIVISION,S 42nd,1,13285,13493,98.4584599
2017-06-01,B DIVISION,A,1,4126,8118,50.8253264
2017-06-01,B DIVISION,B,1,2190,4532,48.3230362
2017-06-01,B DIVISION,C,1,2370,4400,53.8636364
2017-06-01,B DIVISION,D,1,3048,5917,51.5125908
2017-06-01,B DIVISION,E,1,5210,8780,59.3394077
2017-06-01,B DIVISION,F,1,3995,8376,47.6957975
2017-06-01,B DIVISION,G,1,4458,6218,71.6950788
2017-06-01,B DIVISION,JZ,1,3856,6138,62.821766
2017-06-01,B DIVISION,L,1,10800,11297,95.6006019
2017-06-01,B DIVISION,M,1,4611,7017,65.7118427
2017-06-01,B DIVISION,N,1,2801,6046,46.3281508
2017-06-01,B DIVISION,Q,1,4162,6768,61.4952719
2017-06-01,B DIVISION,R,1,4229,6244,67.7290199
2017-06-01,B DIVISION,S Fkln,1,2593,2596,99.8844376
2017-06-01,B DIVISION,S Rock,1,1749,1844,94.8481562
2017-06-01,B DIVISION,W,1,2796,4158,67.2438672
2017-06-01,Systemwide,Systemwide,1,109679,177531,61.7801961
2017-07-01,A DIVISION,1,1,6147,9265,66.3464652
2017-07-01,A DIVISION,2,1,1758,6345,27.7068558
2017-07-01,A DIVISION,3,1,3062,6105,50.1556102
2017-07-01,A DIVISION,4,1,2562,7446,34.4077357
2017-07-01,A DIVISION,5,1,2237,6635,33.7151469
2017-07-01,A DIVISION,6,1,6623,11315,58.5329209
2017-07-01,A DIVISION,7,1,9022,12670,71.207577
2017-07-01,A DIVISION,S 42nd,1,12686,12756,99.4512386
2017-07-01,B DIVISION,A,1,4370,7358,59.3911389
2017-07-01,B DIVISION,B,1,2062,4080,50.5392157
2017-07-01,B DIVISION,C,1,2444,3943,61.9832615
2017-07-01,B DIVISION,D,1,3345,5626,59.4560967
2017-07-01,B DIVISION,E,1,5028,7975,63.0470219
2017-07-01,B DIVISION,F,1,4112,7616,53.9915966
2017-07-01,B DIVISION,G,1,4397,5963,73.7380513
2017-07-01,B DIVISION,JZ,1,4134,5580,74.0860215
2017-07-01,B DIVISION,L,1,10413,10828,96.1673439
2017-07-01,B DIVISION,M,1,7235,9570,75.6008359
2017-07-01,B DIVISION,N,1,3110,5558,55.9553796
2017-07-01,B DIVISION,Q,1,3771,6198,60.8422072
2017-07-01,B DIVISION,R,1,4014,5675,70.7312775
2017-07-01,B DIVISION,S Fkln,1,2358,2360,99.9152542
2017-07-01,B DIVISION,S Rock,1,1592,1675,95.0447761
2017-07-01,B DIVISION,W,1,2676,3780,70.7936508
2017-07-01,Systemwide,Systemwide,1,109158,166322,65.6305239
2017-08-01,A DIVISION,1,1,7869,10660,73.8180113
2017-08-01,A DIVISION,2,1,2038,7302,27.9101616
2017-08-01,A DIVISION,3,1,3516,6974,50.4158302
2017-08-01,A DIVISION,4,1,3181,8544,37.2308052
2017-08-01,A DIVISION,5,1,2595,7611,34.0953883
2017-08-01,A DIVISION,6,1,8126,12981,62.5991834
2017-08-01,A DIVISION,7,1,10152,14658,69.2591077
2017-08-01,A DIVISION,S 42nd,1,13974,14102,99.0923273
2017-08-01,B DIVISION,A,1,5010,8487,59.0314599
2017-08-01,B DIVISION,B,1,2609,4738,55.0654285
2017-08-01,B DIVISION,C,1,3000,4600,65.2173913
2017-08-01,B DIVISION,D,1,3399,6075,55.9506173
2017-08-01,B DIVISION,E,1,5120,9180,55.7734205
2017-08-01,B DIVISION,F,1,3657,8758,41.7561087
2017-08-01,B DIVISION,G,1,5364,6891,77.8406617
2017-08-01,B DIVISION,JZ,1,4544,6417,70.8119059
2017-08-01,B DIVISION,L,1,11508,12431,92.5750141
2017-08-01,B DIVISION,M,1,8143,11009,73.9667545
2017-08-01,B DIVISION,N,1,3243,6321,51.3051732
2017-08-01,B DIVISION,Q,1,4733,7148,66.2143257
2017-08-01,B DIVISION,R,1,4682,6528,71.7218137
2017-08-01,B DIVISION,S Fkln,1,2706,2714,99.7052321
2017-08-01,B DIVISION,S Rock,1,1815,1928,94.1390041
2017-08-01,B DIVISION,W,1,3125,4347,71.8886588
2017-08-01,Systemwide,Systemwide,1,124109,190404,65.181929
2017-09-01,A DIVISION,1,1,6531,9271,70.4454751
2017-09-01,A DIVISION,2,1,1760,6351,27.7121713
2017-09-01,A DIVISION,3,1,2706,6083,44.4846293
2017-09-01,A DIVISION,4,1,2377,7431,31.9876194
2017-09-01,A DIVISION,5,1,1571,6011,26.1354184
2017-09-01,A DIVISION,6,1,5843,11259,51.8962608
2017-09-01,A DIVISION,7,1,9970,12748,78.2083464
2017-09-01,A DIVISION,S 42nd,1,12219,12271,99.5762367
2017-09-01,B DIVISION,A,1,4285,7380,58.0623306
2017-09-01,B DIVISION,B,1,2409,4120,58.4708738
2017-09-01,B DIVISION,C,1,2416,4000,60.4
2017-09-01,B DIVISION,D,1,3047,5289,57.6101342
2017-09-01,B DIVISION,E,1,4524,7985,56.6562304
2017-09-01,B DIVISION,F,1,3416,7619,44.8352802
2017-09-01,B DIVISION,G,1,4579,5801,78.9346664
2017-09-01,B DIVISION,JZ,1,3851,5580,69.0143369
2017-09-01,B DIVISION,L,1,9954,10720,92.8544776
2017-09-01,B DIVISION,M,1,7141,9574,74.5874243
2017-09-01,B DIVISION,N,1,2965,5497,53.9385119
2017-09-01,B DIVISION,Q,1,4336,6536,66.3402693
2017-09-01,B DIVISION,R,1,3794,5549,68.3726798
2017-09-01,B DIVISION,S Fkln,1,2358,2360,99.9152542
2017-09-01,B DIVISION,S Rock,1,1571,1677,93.679189
2017-09-01,B DIVISION,W,1,2856,3780,75.5555556
2017-09-01,Systemwide,Systemwide,1,106479,164892,64.5749945
2017-10-01,A DIVISION,1,1,7332,10193,71.9317178
2017-10-01,A DIVISION,2,1,2152,6981,30.8265292
2017-10-01,A DIVISION,3,1,3164,6661,47.5003753
2017-10-01,A DIVISION,4,1,2723,8266,32.9421728
2017-10-01,A DIVISION,5,1,1647,6725,24.4907063
2017-10-01,A DIVISION,6,1,6647,12373,53.7218136
2017-10-01,A DIVISION,7,1,10210,14016,72.8453196
2017-10-01,A DIVISION,S 42nd,1,13956,14042,99.3875516
2017-10-01,B DIVISION,A,1,4462,8227,54.236052
2017-10-01,B DIVISION,B,1,2554,4532,56.3548102
2017-10-01,B DIVISION,C,1,2562,4400,58.2272727
2017-10-01,B DIVISION,D,1,3387,6013,56.3279561
2017-10-01,B DIVISION,E,1,5304,8775,60.4444444
2017-10-01,B DIVISION,F,1,3721,8369,44.4617039
2017-10-01,B DIVISION,G,1,4578,6193,73.9221702
2017-10-01,B DIVISION,JZ,1,4135,6138,67.3672206
2017-10-01,B DIVISION,L,1,10946,11792,92.8256445
2017-10-01,B DIVISION,M,1,7695,10528,73.0908055
2017-10-01,B DIVISION,N,1,3793,6045,62.7460711
2017-10-01,B DIVISION,Q,1,4840,6823,70.9365382
2017-10-01,B DIVISION,R,1,4045,6243,64.7925677
2017-10-01,B DIVISION,S Fkln,1,2589,2596,99.7303544
2017-10-01,B DIVISION,S Rock,1,1743,1843,94.574064
2017-10-01,B DIVISION,W,1,2907,4158,69.9134199
2017-10-01,Systemwide,Systemwide,1,117092,181932,64.3603104
2017-11-01,A DIVISION,1,1,6771,9732,69.5745993
2017-11-01,A DIVISION,2,1,1663,6666,24.9474947
2017-11-01,A DIVISION,3,1,2535,6134,41.3270297
2017-11-01,A DIVISION,4,1,2108,7800,27.025641
2017-11-01,A DIVISION,5,1,1608,6385,25.1840251
2017-11-01,A DIVISION,6,1,5630,11816,47.647258
2017-11-01,A DIVISION,7,1,9262,13382,69.2123748
2017-11-01,A DIVISION,S 42nd,1,12989,13155,98.7381224
2017-11-01,B DIVISION,A,1,3854,7754,49.7033789
2017-11-01,B DIVISION,B,1,2011,4326,46.4863615
2017-11-01,B DIVISION,C,1,2364,4200,56.2857143
2017-11-01,B DIVISION,D,1,2504,5515,45.4034451
2017-11-01,B DIVISION,E,1,5103,8302,61.4671164
2017-11-01,B DIVISION,F,1,3707,7994,46.3722792
2017-11-01,B DIVISION,G,1,4195,5967,70.303335
2017-11-01,B DIVISION,JZ,1,4153,5859,70.8824031
2017-11-01,B DIVISION,L,1,10952,11333,96.6381364
2017-11-01,B DIVISION,M,1,7635,10051,75.9625908
2017-11-01,B DIVISION,N,1,4031,6192,65.1001292
2017-11-01,B DIVISION,Q,1,4578,7087,64.5971497
2017-11-01,B DIVISION,R,1,3820,5978,63.9009702
2017-11-01,B DIVISION,S Fkln,1,2272,2281,99.6054362
2017-11-01,B DIVISION,S Rock,1,1583,1689,93.7240971
2017-11-01,B DIVISION,W,1,2810,3969,70.7986898
2017-11-01,Systemwide,Systemwide,1,108138,173567,62.303318
2017-12-01,A DIVISION,1,1,6554,9271,70.6935606
2017-12-01,A DIVISION,2,1,2754,6351,43.3632499
2017-12-01,A DIVISION,3,1,3610,6083,59.3457176
2017-12-01,A DIVISION,4,1,3272,7541,43.3894709
2017-12-01,A DIVISION,5,1,3116,6613,47.1193104
2017-12-01,A DIVISION,6,1,4849,11499,42.1688843
2017-12-01,A DIVISION,7,1,8398,12748,65.8770003
2017-12-01,A DIVISION,S 42nd,1,11843,12093,97.9326883
2017-12-01,B DIVISION,A,1,3577,7380,48.4688347
2017-12-01,B DIVISION,B,1,2019,4120,49.0048544
2017-12-01,B DIVISION,C,1,2137,4000,53.425
2017-12-01,B DIVISION,D,1,2394,5254,45.5652836
2017-12-01,B DIVISION,E,1,4184,7985,52.3982467
2017-12-01,B DIVISION,F,1,3071,7619,40.3071269
2017-12-01,B DIVISION,G,1,3616,5643,64.0793904
2017-12-01,B DIVISION,JZ,1,3611,5580,64.7132616
2017-12-01,B DIVISION,L,1,9954,10805,92.1240167
2017-12-01,B DIVISION,M,1,7255,9541,76.0402474
2017-12-01,B DIVISION,N,1,3642,5710,63.7828371
2017-12-01,B DIVISION,Q,1,4261,6418,66.3913992
2017-12-01,B DIVISION,R,1,3391,5467,62.0267057
2017-12-01,B DIVISION,S Fkln,1,2350,2360,99.5762712
2017-12-01,B DIVISION,S Rock,1,1540,1631,94.4206009
2017-12-01,B DIVISION,W,1,2592,3719,69.6961549
2017-12-01,Systemwide,Systemwide,1,103990,165431,62.8600444
2018-01-01,A DIVISION,1,1,13756,20392,67.4578266
2018-01-01,A DIVISION,2,1,5390,14466,37.2597816
2018-01-01,A DIVISION,3,1,7220,12712,56.7967275
2018-01-01,A DIVISION,4,1,6412,16758,38.2623225
2018-01-01,A DIVISION,5,1,6078,14564,41.7330404
2018-01-01,A DIVISION,6,1,11684,24760,47.1890145
2018-01-01,A DIVISION,7,1,17860,28040,63.6947218
2018-01-01,A DIVISION,S 42nd,1,27578,27936,98.7184994
2018-01-01,B DIVISION,A,1,6286,16500,38.0969697
2018-01-01,B DIVISION,B,1,3982,8708,45.7280661
2018-01-01,B DIVISION,C,1,2990,8612,34.7189967
2018-01-01,B DIVISION,D,1,4994,11892,41.9946182
2018-01-01,B DIVISION,E,1,8322,17560,47.3917995
2018-01-01,B DIVISION,F,1,5428,16864,32.186907
2018-01-01,B DIVISION,G,1,6306,12412,50.8056719
2018-01-01,B DIVISION,JZ,1,7348,12276,59.8566308
2018-01-01,B DIVISION,L,1,20028,23584,84.921981
2018-01-01,B DIVISION,M,1,14818,21060,70.3608737
2018-01-01,B DIVISION,N,1,6618,12092,54.7304003
2018-01-01,B DIVISION,Q,1,8048,13668,58.8820603
2018-01-01,B DIVISION,R,1,7006,12532,55.9048835
2018-01-01,B DIVISION,S Fkln,1,5086,5124,99.2583919
2018-01-01,B DIVISION,S Rock,1,3246,3506,92.5841415
2018-01-01,B DIVISION,W,1,5276,8316,63.4439634
2018-01-01,Systemwide,Systemwide,1,211760,364334,58.122492
2018-02-01,A DIVISION,1,1,6282,9239,67.9943717
2018-02-01,A DIVISION,2,1,2660,6033,44.0908337
2018-02-01,A DIVISION,3,1,3327,5413,61.4631443
2018-02-01,A DIVISION,4,1,3061,7241,42.2731667
2018-02-01,A DIVISION,5,1,3116,6284,49.5862508
2018-02-01,A DIVISION,6,1,5259,10695,49.1725105
2018-02-01,A DIVISION,7,1,7415,12143,61.0639875
2018-02-01,A DIVISION,S 42nd,1,11680,11831,98.723692
2018-02-01,B DIVISION,A,1,3570,7011,50.9199829
2018-02-01,B DIVISION,B,1,1829,3769,48.5274609
2018-02-01,B DIVISION,C,1,1725,3800,45.3947368
2018-02-01,B DIVISION,D,1,2426,5080,47.7559055
2018-02-01,B DIVISION,E,1,3802,7585,50.1252472
2018-02-01,B DIVISION,F,1,2892,7619,37.9577372
2018-02-01,B DIVISION,G,1,3263,5320,61.3345865
2018-02-01,B DIVISION,JZ,1,3153,5301,59.4793435
2018-02-01,B DIVISION,L,1,9230,10184,90.6323645
2018-02-01,B DIVISION,M,1,6585,9095,72.4024189
2018-02-01,B DIVISION,N,1,3030,5375,56.372093
2018-02-01,B DIVISION,Q,1,3951,6140,64.3485342
2018-02-01,B DIVISION,R,1,2930,5412,54.1389505
2018-02-01,B DIVISION,S Fkln,1,2242,2242,100
2018-02-01,B DIVISION,S Rock,1,1519,1593,95.3546767
2018-02-01,B DIVISION,W,1,2603,3591,72.4867725
2018-02-01,Systemwide,Systemwide,1,97550,157996,61.7420694
2018-03-01,A DIVISION,1,1,7731,10389,74.4152469
2018-03-01,A DIVISION,2,1,3274,7019,46.6448212
2018-03-01,A DIVISION,3,1,3951,6328,62.4367889
2018-03-01,A DIVISION,4,1,3919,8276,47.3537941
2018-03-01,A DIVISION,5,1,3870,7282,53.1447405
2018-03-01,A DIVISION,6,1,6253,12380,50.5088853
2018-03-01,A DIVISION,7,1,7818,14087,55.4979769
2018-03-01,A DIVISION,S 42nd,1,13495,13662,98.7776314
2018-03-01,B DIVISION,A,1,4485,8118,55.2475979
2018-03-01,B DIVISION,B,1,2245,4248,52.8483992
2018-03-01,B DIVISION,C,1,2409,4400,54.75
2018-03-01,B DIVISION,D,1,2948,5778,51.0211146
2018-03-01,B DIVISION,E,1,5131,8780,58.4396355
2018-03-01,B DIVISION,F,1,3942,8376,47.0630372
2018-03-01,B DIVISION,G,1,4260,6160,69.1558442
2018-03-01,B DIVISION,JZ,1,4322,6138,70.4138156
2018-03-01,B DIVISION,L,1,10532,11792,89.3147897
2018-03-01,B DIVISION,M,1,8160,10530,77.4928775
2018-03-01,B DIVISION,N,1,3827,6476,59.0951204
2018-03-01,B DIVISION,Q,1,4762,6834,69.6810067
2018-03-01,B DIVISION,R,1,4048,6266,64.6026173
2018-03-01,B DIVISION,S Fkln,1,2590,2596,99.7688752
2018-03-01,B DIVISION,S Rock,1,1638,1744,93.9220183
2018-03-01,B DIVISION,W,1,2997,4158,72.0779221
2018-03-01,Systemwide,Systemwide,1,118607,181817,65.234274
2018-04-01,A DIVISION,1,1,7044,9729,72.4020968
2018-04-01,A DIVISION,2,1,3506,7104,49.3524775
2018-04-01,A DIVISION,3,1,4340,6231,69.6517413
2018-04-01,A DIVISION,4,1,4253,7797,54.5466205
2018-04-01,A DIVISION,5,1,3751,6964,53.8627226
2018-04-01,A DIVISION,6,1,6356,11941,53.2283728
2018-04-01,A DIVISION,7,1,7638,13378,57.093736
2018-04-01,A DIVISION,S 42nd,1,13036,13156,99.0878687
2018-04-01,B DIVISION,A,1,4643,7749,59.9174087
2018-04-01,B DIVISION,B,1,2470,4045,61.0630408
2018-04-01,B DIVISION,C,1,2536,4200,60.3809524
2018-04-01,B DIVISION,D,1,2993,5526,54.1621426
2018-04-01,B DIVISION,E,1,4802,8375,57.3373134
2018-04-01,B DIVISION,F,1,4010,7987,50.2065857
2018-04-01,B DIVISION,G,1,4305,5880,73.2142857
2018-04-01,B DIVISION,JZ,1,3949,5877,67.1941467
2018-04-01,B DIVISION,L,1,10482,11256,93.1236674
2018-04-01,B DIVISION,M,1,7654,10008,76.4788169
2018-04-01,B DIVISION,N,1,4035,6095,66.2018048
2018-04-01,B DIVISION,Q,1,4713,6521,72.2741911
2018-04-01,B DIVISION,R,1,4094,5980,68.4615385
2018-04-01,B DIVISION,S Fkln,1,2475,2478,99.8789346
2018-04-01,B DIVISION,S Rock,1,1722,1759,97.8965321
2018-04-01,B DIVISION,W,1,3011,3969,75.8629378
2018-04-01,Systemwide,Systemwide,1,117818,174005,67.7095486
2018-05-01,A DIVISION,1,1,7299,10152,71.8971631
2018-05-01,A DIVISION,2,1,4121,7713,53.4292752
2018-05-01,A DIVISION,3,1,4456,6476,68.8079061
2018-05-01,A DIVISION,4,1,4486,8194,54.7473761
2018-05-01,A DIVISION,5,1,4578,7304,62.6779847
2018-05-01,A DIVISION,6,1,6805,12132,56.0913287
2018-05-01,A DIVISION,7,1,8801,13907,63.2846768
2018-05-01,A DIVISION,S 42nd,1,13466,13522,99.5858601
2018-05-01,B DIVISION,A,1,4514,8106,55.6871453
2018-05-01,B DIVISION,B,1,2503,4406,56.808897
2018-05-01,B DIVISION,C,1,2582,4246,60.8101743
2018-05-01,B DIVISION,D,1,3036,6373,47.6384748
2018-05-01,B DIVISION,E,1,4928,8882,55.4829993
2018-05-01,B DIVISION,F,1,3414,8508,40.1269394
2018-05-01,B DIVISION,G,1,4303,6161,69.842558
2018-05-01,B DIVISION,JZ,1,4387,6136,71.4960887
2018-05-01,B DIVISION,L,1,10805,11742,92.0200988
2018-05-01,B DIVISION,M,1,3827,5952,64.2977151
2018-05-01,B DIVISION,N,1,5980,10096,59.2313788
2018-05-01,B DIVISION,Q,1,4228,6968,60.6773823
2018-05-01,B DIVISION,R,1,3628,6189,58.6201325
2018-05-01,B DIVISION,S Fkln,1,5169,5192,99.5570108
2018-05-01,B DIVISION,S Rock,1,3171,3276,96.7948718
2018-05-01,Systemwide,Systemwide,1,120487,181633,66.3354126
2018-06-01,A DIVISION,1,1,6991,9575,73.0130548
2018-06-01,A DIVISION,2,1,4394,7555,58.1601588
2018-06-01,A DIVISION,3,1,4282,6034,70.9645343
2018-06-01,A DIVISION,4,1,4674,8102,57.6894594
2018-06-01,A DIVISION,5,1,4395,6857,64.0950853
2018-06-01,A DIVISION,6,1,7105,11728,60.5815143
2018-06-01,A DIVISION,7,1,8092,13248,61.0809179
2018-06-01,A DIVISION,S 42nd,1,12552,12596,99.6506828
2018-06-01,B DIVISION,A,1,4271,7753,55.0883529
2018-06-01,B DIVISION,B,1,2534,4012,63.1605184
2018-06-01,B DIVISION,C,1,2773,4200,66.0238095
2018-06-01,B DIVISION,D,1,5307,8137,65.2205973
2018-06-01,B DIVISION,E,1,4834,8472,57.0585458
2018-06-01,B DIVISION,F,1,3764,8046,46.7810092
2018-06-01,B DIVISION,G,1,4454,5945,74.9201009
2018-06-01,B DIVISION,JZ,1,3842,5858,65.5855241
2018-06-01,B DIVISION,L,1,10492,11336,92.554693
2018-06-01,B DIVISION,M,1,3604,5671,63.5514019
2018-06-01,B DIVISION,N,1,5085,9681,52.5255655
2018-06-01,B DIVISION,Q,1,4358,6593,66.1004095
2018-06-01,B DIVISION,R,1,3425,5895,58.1000848
2018-06-01,B DIVISION,S Fkln,1,4942,4956,99.7175141
2018-06-01,B DIVISION,S Rock,1,3366,3528,95.4081633
2018-06-01,Systemwide,Systemwide,1,119536,175778,68.0039595
2018-07-01,A DIVISION,1,1,6744,9823,68.655197
2018-07-01,A DIVISION,2,1,3499,7469,46.8469675
2018-07-01,A DIVISION,3,1,3698,5803,63.7256591
2018-07-01,A DIVISION,4,1,4426,7934,55.7852281
2018-07-01,A DIVISION,5,1,4116,6909,59.5744681
2018-07-01,A DIVISION,6,1,7947,12019,66.1203095
2018-07-01,A DIVISION,7,1,9197,13168,69.8435601
2018-07-01,A DIVISION,S 42nd,1,12794,12838,99.6572675
2018-07-01,B DIVISION,A,1,4128,7628,54.1164132
2018-07-01,B DIVISION,B,1,2488,4061,61.2656981
2018-07-01,B DIVISION,C,1,2699,4200,64.2619048
2018-07-01,B DIVISION,D,1,2551,5587,45.6595669
2018-07-01,B DIVISION,E,1,4701,8470,55.501771
2018-07-01,B DIVISION,F,1,3989,8200,48.6463415
2018-07-01,B DIVISION,G,1,4316,6027,71.6110835
2018-07-01,B DIVISION,JZ,1,3548,5911,60.0236847
2018-07-01,B DIVISION,L,1,10210,11503,88.7594541
2018-07-01,B DIVISION,M,1,3281,5628,58.2977967
2018-07-01,B DIVISION,N,1,5902,10130,58.2625864
2018-07-01,B DIVISION,Q,1,4807,6617,72.6462143
2018-07-01,B DIVISION,R,1,2900,5973,48.5518165
2018-07-01,B DIVISION,S Fkln,1,4952,4956,99.9192897
2018-07-01,B DIVISION,S Rock,1,3272,3614,90.5368013
2018-07-01,Systemwide,Systemwide,1,116165,174468,66.5824105
2018-08-01,A DIVISION,1,1,7866,10628,74.0120436
2018-08-01,A DIVISION,2,1,4655,8124,57.2993599
2018-08-01,A DIVISION,3,1,4524,6032,75
2018-08-01,A DIVISION,4,1,5679,8826,64.3439836
2018-08-01,A DIVISION,5,1,5009,7305,68.5694729
2018-08-01,A DIVISION,6,1,8980,12868,69.7855144
2018-08-01,A DIVISION,7,1,10411,14486,71.8693911
2018-08-01,A DIVISION,S 42nd,1,14010,14077,99.5240463
2018-08-01,B DIVISION,A,1,4470,8304,53.8294797
2018-08-01,B DIVISION,B,1,2492,4464,55.8243727
2018-08-01,B DIVISION,C,1,2746,4544,60.431338
2018-08-01,B DIVISION,D,1,6134,9393,65.3039497
2018-08-01,B DIVISION,E,1,4894,9287,52.6973188
2018-08-01,B DIVISION,F,1,4501,8842,50.9047726
2018-08-01,B DIVISION,G,1,4753,6506,73.0556409
2018-08-01,B DIVISION,JZ,1,3692,6466,57.0986699
2018-08-01,B DIVISION,L,1,11559,12687,91.1090092
2018-08-01,B DIVISION,M,1,3806,6157,61.8158193
2018-08-01,B DIVISION,N,1,5720,10692,53.4979423
2018-08-01,B DIVISION,Q,1,4888,7245,67.4672187
2018-08-01,B DIVISION,R,1,2710,6525,41.532567
2018-08-01,B DIVISION,S Fkln,1,5354,5392,99.2952522
2018-08-01,B DIVISION,S Rock,1,3732,3956,94.3377148
2018-08-01,Systemwide,Systemwide,1,132585,192806,68.7660135
2018-09-01,A DIVISION,1,1,6273,8603,72.9164245
2018-09-01,A DIVISION,2,1,3775,6605,57.1536715
2018-09-01,A DIVISION,3,1,3808,5265,72.3266857
2018-09-01,A DIVISION,4,1,4559,7634,59.7196751
2018-09-01,A DIVISION,5,1,3734,6095,61.2633306
2018-09-01,A DIVISION,6,1,7351,10701,68.6945145
2018-09-01,A DIVISION,7,1,9441,11953,78.9843554
2018-09-01,A DIVISION,S 42nd,1,11329,11377,99.5780962
2018-09-01,B DIVISION,A,1,3858,6746,57.1894456
2018-09-01,B DIVISION,B,1,2018,3628,55.6229327
2018-09-01,B DIVISION,C,1,2311,3799,60.8317978
2018-09-01,B DIVISION,D,1,4788,7262,65.9322501
2018-09-01,B DIVISION,E,1,4712,7673,61.4101395
2018-09-01,B DIVISION,F,1,3553,7054,50.3685852
2018-09-01,B DIVISION,G,1,3948,5330,74.0712946
2018-09-01,B DIVISION,JZ,1,2900,5287,54.8515226
2018-09-01,B DIVISION,L,1,9272,10014,92.5903735
2018-09-01,B DIVISION,M,1,3373,5103,66.0983735
2018-09-01,B DIVISION,N,1,4733,8647,54.7357465
2018-09-01,B DIVISION,Q,1,3835,5984,64.0875668
2018-09-01,B DIVISION,R,1,2536,5414,46.841522
2018-09-01,B DIVISION,S Fkln,1,4398,4416,99.5923913
2018-09-01,B DIVISION,S Rock,1,3061,3193,95.8659568
2018-09-01,Systemwide,Systemwide,1,109566,157783,69.440941
2018-10-01,A DIVISION,1,1,8156,10701,76.217176
2018-10-01,A DIVISION,2,1,4802,7855,61.1330363
2018-10-01,A DIVISION,3,1,4726,6469,73.0561138
2018-10-01,A DIVISION,4,1,5330,8513,62.6101257
2018-10-01,A DIVISION,5,1,5159,7500,68.7866667
2018-10-01,A DIVISION,6,1,8768,12792,68.5428393
2018-10-01,A DIVISION,7,1,11014,14451,76.2161788
2018-10-01,A DIVISION,S 42nd,1,14278,14370,99.3597773
2018-10-01,B DIVISION,A,1,4579,8482,53.9849092
2018-10-01,B DIVISION,B,1,2439,4370,55.812357
2018-10-01,B DIVISION,C,1,2918,4600,63.4347826
2018-10-01,B DIVISION,D,1,3277,6239,52.524443
2018-10-01,B DIVISION,E,1,5924,9292,63.7537667
2018-10-01,B DIVISION,F,1,5056,8832,57.2463768
2018-10-01,B DIVISION,G,1,4524,6441,70.2375408
2018-10-01,B DIVISION,JZ,1,3500,6457,54.204739
2018-10-01,B DIVISION,L,1,11091,11905,93.1625367
2018-10-01,B DIVISION,M,1,4132,6235,66.2710505
2018-10-01,B DIVISION,N,1,3609,6259,57.6609682
2018-10-01,B DIVISION,Q,1,5195,7494,69.3221244
2018-10-01,B DIVISION,R,1,3086,6435,47.956488
2018-10-01,B DIVISION,S Fkln,1,5419,5428,99.8341931
2018-10-01,B DIVISION,S Rock,1,3646,3864,94.3581781
2018-10-01,Systemwide,Systemwide,1,130628,184984,70.615837
2018-11-01,A DIVISION,1,1,7419,9970,74.4132397
2018-11-01,A DIVISION,2,1,4213,6906,61.0049233
2018-11-01,A DIVISION,3,1,4643,6315,73.5233571
2018-11-01,A DIVISION,4,1,4969,7911,62.8112754
2018-11-01,A DIVISION,5,1,4976,6849,72.652942
2018-11-01,A DIVISION,6,1,7931,11737,67.5726336
2018-11-01,A DIVISION,7,1,9902,13240,74.7885196
2018-11-01,A DIVISION,S 42nd,1,12864,12912,99.6282528
2018-11-01,B DIVISION,A,1,4100,7837,52.3159372
2018-11-01,B DIVISION,B,1,2070,4070,50.8599509
2018-11-01,B DIVISION,C,1,2586,4200,61.5714286
2018-11-01,B DIVISION,D,1,3191,5850,54.5470085
2018-11-01,B DIVISION,E,1,5620,8588,65.440149
2018-11-01,B DIVISION,F,1,4192,8205,51.0907983
2018-11-01,B DIVISION,G,1,4060,5882,69.0241414
2018-11-01,B DIVISION,JZ,1,3510,5861,59.8873912
2018-11-01,B DIVISION,L,1,10496,11053,94.9606442
2018-11-01,B DIVISION,M,1,3185,5642,56.4516129
2018-11-01,B DIVISION,N,1,5439,8948,60.7845329
2018-11-01,B DIVISION,Q,1,4672,6692,69.8147041
2018-11-01,B DIVISION,R,1,2778,5937,46.7913087
2018-11-01,B DIVISION,S Fkln,1,4573,4616,99.0684575
2018-11-01,B DIVISION,S Rock,1,3394,3528,96.2018141
2018-11-01,Systemwide,Systemwide,1,120783,172749,69.918205
2018-12-01,A DIVISION,1,1,7225,9260,78.0237581
2018-12-01,A DIVISION,2,1,4238,6845,61.9138057
2018-12-01,A DIVISION,3,1,4379,5916,74.0196078
2018-12-01,A DIVISION,4,1,4649,7533,61.7151201
2018-12-01,A DIVISION,5,1,4592,6552,70.0854701
2018-12-01,A DIVISION,6,1,8078,11142,72.5004488
2018-12-01,A DIVISION,7,1,10804,12607,85.6984215
2018-12-01,A DIVISION,S 42nd,1,12209,12234,99.7956515
2018-12-01,B DIVISION,A,1,4419,7700,57.3896104
2018-12-01,B DIVISION,B,1,2417,3928,61.5325866
2018-12-01,B DIVISION,C,1,2524,4023,62.7392493
2018-12-01,B DIVISION,D,1,3391,5597,60.5860282
2018-12-01,B DIVISION,E,1,5250,8196,64.0556369
2018-12-01,B DIVISION,F,1,3361,7841,42.8644306
2018-12-01,B DIVISION,G,1,4336,5588,77.5948461
2018-12-01,B DIVISION,JZ,1,3315,5584,59.3660458
2018-12-01,B DIVISION,L,1,9404,10444,90.0421295
2018-12-01,B DIVISION,M,1,3450,5188,66.4996145
2018-12-01,B DIVISION,N,1,5767,9203,62.6643486
2018-12-01,B DIVISION,Q,1,5056,6444,78.4605835
2018-12-01,B DIVISION,R,1,3245,5543,58.5423056
2018-12-01,B DIVISION,S Fkln,1,4699,4720,99.5550847
2018-12-01,B DIVISION,S Rock,1,3235,3360,96.2797619
2018-12-01,Systemwide,Systemwide,1,120043,165448,72.5563319
2019-01-01,A DIVISION,1,1,8646,10164,85.0649351
2019-01-01,A DIVISION,2,1,5225,7222,72.34838
2019-01-01,A DIVISION,3,1,5103,6176,82.6262953
2019-01-01,A DIVISION,4,1,5371,8136,66.0152409
2019-01-01,A DIVISION,5,1,5374,7222,74.4115204
2019-01-01,A DIVISION,6,1,8831,12238,72.1604837
2019-01-01,A DIVISION,7,1,11992,13694,87.5711991
2019-01-01,A DIVISION,S 42nd,1,14249,14270,99.8528381
2019-01-01,B DIVISION,A,1,5074,8367,60.6430023
2019-01-01,B DIVISION,B,1,2711,4326,62.6675913
2019-01-01,B DIVISION,C,1,3009,4400,68.3863636
2019-01-01,B DIVISION,D,1,4150,6158,67.3920104
2019-01-01,B DIVISION,E,1,6585,9007,73.1098035
2019-01-01,B DIVISION,F,1,4610,8623,53.4616723
2019-01-01,B DIVISION,G,1,4518,6160,73.3441558
2019-01-01,B DIVISION,JZ,1,4093,6141,66.6503827
2019-01-01,B DIVISION,L,1,10394,11522,90.210033
2019-01-01,B DIVISION,M,1,4037,5765,70.0260191
2019-01-01,B DIVISION,N,1,6815,10152,67.1296296
2019-01-01,B DIVISION,Q,1,5729,6930,82.6695527
2019-01-01,B DIVISION,R,1,4162,6209,67.0317281
2019-01-01,B DIVISION,S Fkln,1,5161,5192,99.4029276
2019-01-01,B DIVISION,S Rock,1,3600,3696,97.4025974
2019-01-01,Systemwide,Systemwide,1,139439,181770,76.7117786
2019-02-01,A DIVISION,1,1,7336,8778,83.5725678
2019-02-01,A DIVISION,2,1,4550,6307,72.1420644
2019-02-01,A DIVISION,3,1,4706,5525,85.1764706
2019-02-01,A DIVISION,4,1,5220,7426,70.2935632
2019-02-01,A DIVISION,5,1,4712,6214,75.8287737
2019-02-01,A DIVISION,6,1,7883,10591,74.4311208
2019-02-01,A DIVISION,7,1,10622,11951,88.8795917
2019-02-01,A DIVISION,S 42nd,1,11770,11794,99.7965067
2019-02-01,B DIVISION,A,1,4406,7105,62.0126671
2019-02-01,B DIVISION,B,1,2144,3702,57.9146407
2019-02-01,B DIVISION,C,1,2566,3800,67.5263158
2019-02-01,B DIVISION,D,1,2948,5234,56.3240352
2019-02-01,B DIVISION,E,1,5840,7788,74.9871597
2019-02-01,B DIVISION,F,1,3885,7442,52.2037087
2019-02-01,B DIVISION,G,1,3835,5324,72.0323065
2019-02-01,B DIVISION,JZ,1,3483,5299,65.7293829
2019-02-01,B DIVISION,L,1,8873,10137,87.5308277
2019-02-01,B DIVISION,M,1,3529,5159,68.4047296
2019-02-01,B DIVISION,N,1,3443,5126,67.167382
2019-02-01,B DIVISION,Q,1,4831,6209,77.80641
2019-02-01,B DIVISION,R,1,3674,5377,68.328064
2019-02-01,B DIVISION,S Fkln,1,4481,4484,99.9330955
2019-02-01,B DIVISION,S Rock,1,3108,3193,97.3379267
2019-02-01,Systemwide,Systemwide,1,117845,153965,76.5401228
2019-03-01,A DIVISION,1,1,8343,9702,85.9925788
2019-03-01,A DIVISION,2,1,4878,6780,71.9469027
2019-03-01,A DIVISION,3,1,4970,6240,79.6474359
2019-03-01,A DIVISION,4,1,5934,8034,73.8610904
2019-03-01,A DIVISION,5,1,5435,6894,78.8366696
2019-03-01,A DIVISION,6,1,8951,11862,75.4594503
2019-03-01,A DIVISION,7,1,12046,13237,91.002493
2019-03-01,A DIVISION,S 42nd,1,12802,12844,99.6729991
2019-03-01,B DIVISION,A,1,4975,7897,62.9986071
2019-03-01,B DIVISION,B,1,2440,4016,60.7569721
2019-03-01,B DIVISION,C,1,2800,4088,68.4931507
2019-03-01,B DIVISION,D,1,3524,5754,61.2443518
2019-03-01,B DIVISION,E,1,6011,8609,69.822279
2019-03-01,B DIVISION,F,1,4610,8226,56.0418186
2019-03-01,B DIVISION,G,1,4585,5873,78.0691299
2019-03-01,B DIVISION,JZ,1,4320,5855,73.7830914
2019-03-01,B DIVISION,L,1,9883,10890,90.7529844
2019-03-01,B DIVISION,M,1,4014,5695,70.4828797
2019-03-01,B DIVISION,N,1,4067,5637,72.1483058
2019-03-01,B DIVISION,Q,1,5425,6633,81.7880295
2019-03-01,B DIVISION,R,1,4027,5943,67.7603904
2019-03-01,B DIVISION,S Fkln,1,4935,4956,99.5762712
2019-03-01,B DIVISION,S Rock,1,3444,3528,97.6190476
2019-03-01,Systemwide,Systemwide,1,132419,169193,78.2650582
2019-04-01,A DIVISION,1,1,8830,10143,87.0551119
2019-04-01,A DIVISION,1,2,2138,2336,91.5239726
2019-04-01,A DIVISION,2,1,5420,7128,76.0381594
2019-04-01,A DIVISION,2,2,1022,1900,53.7894737
2019-04-01,A DIVISION,3,1,5335,6208,85.9375
2019-04-01,A DIVISION,3,2,913,1580,57.7848101
2019-04-01,A DIVISION,4,1,6163,8139,75.7218331
2019-04-01,A DIVISION,4,2,1589,2140,74.2523364
2019-04-01,A DIVISION,5,1,5887,7229,81.4358832
2019-04-01,A DIVISION,5,2,1288,1549,83.1504196
2019-04-01,A DIVISION,6,1,9401,12512,75.1358696
2019-04-01,A DIVISION,6,2,2360,3101,76.1044824
2019-04-01,A DIVISION,7,1,12444,13919,89.4029744
2019-04-01,A DIVISION,7,2,2600,2840,91.5492958
2019-04-01,A DIVISION,S 42nd,1,13430,13454,99.8216144
2019-04-01,A DIVISION,S 42nd,2,2727,2728,99.9633431
2019-04-01,B DIVISION,A,1,5432,8158,66.5849473
2019-04-01,B DIVISION,A,2,1985,2488,79.7829582
2019-04-01,B DIVISION,B,1,2813,4344,64.7559853
2019-04-01,B DIVISION,C,1,3205,4288,74.7434701
2019-04-01,B DIVISION,C,2,965,1314,73.4398782
2019-04-01,B DIVISION,D,1,3798,6029,62.9955216
2019-04-01,B DIVISION,D,2,1120,1680,66.6666667
2019-04-01,B DIVISION,E,1,6933,9023,76.8369722
2019-04-01,B DIVISION,E,2,1432,1695,84.4837758
2019-04-01,B DIVISION,F,1,5624,8904,63.1626235
2019-04-01,B DIVISION,F,2,1301,1674,77.7180406
2019-04-01,B DIVISION,G,1,5251,6439,81.5499301
2019-04-01,B DIVISION,G,2,1241,1446,85.8229599
2019-04-01,B DIVISION,JZ,1,4701,6143,76.5261273
2019-04-01,B DIVISION,JZ,2,1627,1800,90.3888889
2019-04-01,B DIVISION,L,1,10109,11094,91.1213268
2019-04-01,B DIVISION,L,2,2618,2862,91.4744934
2019-04-01,B DIVISION,M,1,4411,5965,73.9480302
2019-04-01,B DIVISION,M,2,1231,1353,90.9830007
2019-04-01,B DIVISION,N,1,6462,9432,68.5114504
2019-04-01,B DIVISION,N,2,1229,1692,72.6359338
2019-04-01,B DIVISION,Q,1,5724,6934,82.5497548
2019-04-01,B DIVISION,Q,2,1685,2008,83.9143426
2019-04-01,B DIVISION,R,1,3907,6224,62.7731362
2019-04-01,B DIVISION,R,2,1337,1720,77.7325581
2019-04-01,B DIVISION,S Fkln,1,5184,5192,99.8459168
2019-04-01,B DIVISION,S Fkln,2,1682,1696,99.1745283
2019-04-01,B DIVISION,S Rock,1,3579,3696,96.8344156
2019-04-01,B DIVISION,S Rock,2,1183,1200,98.5833333
2019-04-01,Systemwide,Systemwide,1,144043,180597,79.7593537
2019-04-01,Systemwide,Systemwide,2,35273,42802,82.4097005
2019-05-01,A DIVISION,1,1,8510,10157,83.7845821
2019-05-01,A DIVISION,1,2,2353,2610,90.1532567
2019-05-01,A DIVISION,2,1,5249,7128,73.6391695
2019-05-01,A DIVISION,2,2,974,2146,45.3867661
2019-05-01,A DIVISION,3,1,5190,6326,82.0423648
2019-05-01,A DIVISION,3,2,831,1254,66.2679426
2019-05-01,A DIVISION,4,1,6006,8120,73.9655172
2019-05-01,A DIVISION,4,2,1543,2388,64.6147404
2019-05-01,A DIVISION,5,1,5722,7184,79.6492205
2019-05-01,A DIVISION,5,2,1569,1857,84.4911147
2019-05-01,A DIVISION,6,1,9579,12575,76.1749503
2019-05-01,A DIVISION,6,2,2893,3372,85.7947805
2019-05-01,A DIVISION,7,1,13046,14423,90.4527491
2019-05-01,A DIVISION,7,2,2749,3208,85.69202
2019-05-01,A DIVISION,S 42nd,1,13420,13454,99.7472871
2019-05-01,A DIVISION,S 42nd,2,3252,3253,99.9692591
2019-05-01,B DIVISION,A,1,5529,8373,66.0336797
2019-05-01,B DIVISION,A,2,2407,2742,87.7826404
2019-05-01,B DIVISION,B,1,2726,4292,63.5135135
2019-05-01,B DIVISION,C,1,3292,4400,74.8181818
2019-05-01,B DIVISION,C,2,1337,1548,86.369509
2019-05-01,B DIVISION,D,1,3804,6028,63.1055076
2019-05-01,B DIVISION,D,2,1599,1886,84.7826087
2019-05-01,B DIVISION,E,1,7059,9020,78.2594235
2019-05-01,B DIVISION,E,2,1754,1894,92.6082365
2019-05-01,B DIVISION,F,1,5573,8621,64.6444728
2019-05-01,B DIVISION,F,2,1687,1874,90.0213447
2019-05-01,B DIVISION,G,1,4719,6380,73.9655172
2019-05-01,B DIVISION,G,2,1816,2318,78.3433995
2019-05-01,B DIVISION,JZ,1,4268,6138,69.5340502
2019-05-01,B DIVISION,JZ,2,1849,2004,92.2654691
2019-05-01,B DIVISION,L,1,9777,10670,91.6307404
2019-05-01,B DIVISION,L,2,2319,2358,98.346056
2019-05-01,B DIVISION,M,1,4232,6087,69.5252177
2019-05-01,B DIVISION,M,2,2197,2479,88.6244453
2019-05-01,B DIVISION,N,1,7133,9911,71.9705378
2019-05-01,B DIVISION,N,2,1453,1889,76.9190048
2019-05-01,B DIVISION,Q,1,5968,6930,86.1183261
2019-05-01,B DIVISION,Q,2,2023,2328,86.8986254
2019-05-01,B DIVISION,R,1,4328,6219,69.5931822
2019-05-01,B DIVISION,R,2,1535,1944,78.9609053
2019-05-01,B DIVISION,S Fkln,1,4907,4920,99.7357724
2019-05-01,B DIVISION,S Fkln,2,1668,1668,100
2019-05-01,B DIVISION,S Rock,1,3106,3256,95.3931204
2019-05-01,B DIVISION,S Rock,2,1423,1467,97.0006817
2019-05-01,Systemwide,Systemwide,1,143143,180612,79.2544238
2019-05-01,Systemwide,Systemwide,2,41231,48487,85.0351641
2019-06-01,A DIVISION,1,1,7841,9489,82.6325219
2019-06-01,A DIVISION,1,2,2801,2976,94.1196237
2019-06-01,A DIVISION,2,1,4901,6480,75.632716
2019-06-01,A DIVISION,2,2,1209,2456,49.2263844
2019-06-01,A DIVISION,3,1,4831,5896,81.9369064
2019-06-01,A DIVISION,3,2,1372,2090,65.645933
2019-06-01,A DIVISION,4,1,5510,7451,73.9498054
2019-06-01,A DIVISION,4,2,1801,2670,67.4531835
2019-06-01,A DIVISION,5,1,5321,6527,81.5229049
2019-06-01,A DIVISION,5,2,1347,1647,81.7850638
2019-06-01,A DIVISION,6,1,8911,11235,79.3146417
2019-06-01,A DIVISION,6,2,2672,3282,81.4137721
2019-06-01,A DIVISION,7,1,11826,13113,90.1853123
2019-06-01,A DIVISION,7,2,3385,3799,89.1023954
2019-06-01,A DIVISION,S 42nd,1,12222,12234,99.9019127
2019-06-01,A DIVISION,S 42nd,2,3468,3470,99.9423631
2019-06-01,B DIVISION,A,1,4935,7524,65.5901116
2019-06-01,B DIVISION,A,2,2339,2885,81.0745234
2019-06-01,B DIVISION,B,1,2705,3848,70.2962578
2019-06-01,B DIVISION,C,1,2968,4000,74.2
2019-06-01,B DIVISION,C,2,1377,1659,83.0018083
2019-06-01,B DIVISION,D,1,3688,5479,67.3115532
2019-06-01,B DIVISION,D,2,1707,2100,81.2857143
2019-06-01,B DIVISION,E,1,6499,8194,79.3141323
2019-06-01,B DIVISION,E,2,1841,2100,87.6666667
2019-06-01,B DIVISION,F,1,5346,7838,68.206175
2019-06-01,B DIVISION,F,2,1721,2090,82.3444976
2019-06-01,B DIVISION,G,1,4700,5790,81.1744387
2019-06-01,B DIVISION,G,2,2167,2544,85.1808176
2019-06-01,B DIVISION,JZ,1,4546,5579,81.4841369
2019-06-01,B DIVISION,JZ,2,1922,2240,85.8035714
2019-06-01,B DIVISION,L,1,9121,9670,94.3226474
2019-06-01,B DIVISION,L,2,2905,3040,95.5592105
2019-06-01,B DIVISION,M,1,4105,5518,74.392896
2019-06-01,B DIVISION,M,2,2461,2676,91.9656203
2019-06-01,B DIVISION,N,1,6944,8877,78.2246254
2019-06-01,B DIVISION,N,2,1571,2227,70.5433318
2019-06-01,B DIVISION,Q,1,5547,6300,88.047619
2019-06-01,B DIVISION,Q,2,2337,2664,87.7252252
2019-06-01,B DIVISION,R,1,3889,5590,69.5706619
2019-06-01,B DIVISION,R,2,1462,2080,70.2884615
2019-06-01,B DIVISION,S Fkln,1,4674,4720,99.0254237
2019-06-01,B DIVISION,S Fkln,2,1857,1868,99.4111349
2019-06-01,B DIVISION,S Rock,1,3243,3360,96.5178571
2019-06-01,B DIVISION,S Rock,2,1386,1519,91.2442396
2019-06-01,Systemwide,Systemwide,1,134273,164712,81.519865
2019-06-01,Systemwide,Systemwide,2,45108,54082,83.4066787
2019-07-01,A DIVISION,1,1,8878,10412,85.2669996
2019-07-01,A DIVISION,1,2,4065,4398,92.4283765
2019-07-01,A DIVISION,2,1,5193,7310,71.0396717
2019-07-01,A DIVISION,2,2,969,2178,44.4903581
2019-07-01,A DIVISION,3,1,4898,6076,80.6122449
2019-07-01,A DIVISION,3,2,743,1050,70.7619048
2019-07-01,A DIVISION,4,1,6046,8124,74.4214673
2019-07-01,A DIVISION,4,2,1665,2458,67.7379984
2019-07-01,A DIVISION,5,1,5387,7158,75.2584521
2019-07-01,A DIVISION,5,2,1260,1458,86.4197531
2019-07-01,A DIVISION,6,1,9923,12264,80.9116112
2019-07-01,A DIVISION,6,2,2074,2558,81.0789679
2019-07-01,A DIVISION,7,1,13190,14370,91.7884482
2019-07-01,A DIVISION,7,2,2743,3300,83.1212121
2019-07-01,A DIVISION,S 42nd,1,13743,13828,99.3853052
2019-07-01,A DIVISION,S 42nd,2,3106,3145,98.7599364
2019-07-01,B DIVISION,A,1,5358,8304,64.5231214
2019-07-01,B DIVISION,A,2,1879,2570,73.1128405
2019-07-01,B DIVISION,B,1,2952,4300,68.6511628
2019-07-01,B DIVISION,C,1,3082,4400,70.0454545
2019-07-01,B DIVISION,C,2,1109,1435,77.28223
2019-07-01,B DIVISION,D,1,4210,6103,68.9824676
2019-07-01,B DIVISION,D,2,1679,1988,84.4567404
2019-07-01,B DIVISION,E,1,7147,9020,79.2350333
2019-07-01,B DIVISION,E,2,1727,1896,91.0864979
2019-07-01,B DIVISION,F,1,5504,8624,63.8218924
2019-07-01,B DIVISION,F,2,1587,1902,83.4384858
2019-07-01,B DIVISION,G,1,5072,6381,79.485974
2019-07-01,B DIVISION,G,2,2105,2414,87.1996686
2019-07-01,B DIVISION,JZ,1,5199,6138,84.7018573
2019-07-01,B DIVISION,JZ,2,1636,2028,80.6706114
2019-07-01,B DIVISION,L,1,10005,10738,93.1737754
2019-07-01,B DIVISION,L,2,2731,3112,87.7570694
2019-07-01,B DIVISION,M,1,4561,6077,75.0534803
2019-07-01,B DIVISION,M,2,2061,2468,83.5089141
2019-07-01,B DIVISION,N,1,7421,9529,77.8780565
2019-07-01,B DIVISION,N,2,1198,1943,61.6572311
2019-07-01,B DIVISION,Q,1,5978,6931,86.2501803
2019-07-01,B DIVISION,Q,2,1701,2344,72.5682594
2019-07-01,B DIVISION,R,1,4534,6180,73.3656958
2019-07-01,B DIVISION,R,2,1354,1860,72.7956989
2019-07-01,B DIVISION,S Fkln,1,5079,5120,99.1992188
2019-07-01,B DIVISION,S Fkln,2,1901,1922,98.9073881
2019-07-01,B DIVISION,S Rock,1,3540,3699,95.701541
2019-07-01,B DIVISION,S Rock,2,1180,1351,87.3427091
2019-07-01,Systemwide,Systemwide,1,146900,181086,81.121677
2019-07-01,Systemwide,Systemwide,2,40473,49778,81.3070031
2019-08-01,A DIVISION,1,1,9051,10264,88.1819953
2019-08-01,A DIVISION,1,2,2161,2478,87.2074253
2019-08-01,A DIVISION,2,1,5680,7462,76.1190029
2019-08-01,A DIVISION,2,2,1587,2506,63.3280128
2019-08-01,A DIVISION,3,1,4826,5626,85.7803057
2019-08-01,A DIVISION,3,2,172,214,80.3738318
2019-08-01,A DIVISION,4,1,6490,8136,79.7689282
2019-08-01,A DIVISION,4,2,1574,2418,65.0951199
2019-08-01,A DIVISION,5,1,5932,7256,81.753032
2019-08-01,A DIVISION,5,2,2599,2860,90.8741259
2019-08-01,A DIVISION,6,1,10673,12239,87.204837
2019-08-01,A DIVISION,6,2,2240,2558,87.5684128
2019-08-01,A DIVISION,7,1,13279,14422,92.0746082
2019-08-01,A DIVISION,7,2,3233,3498,92.4242424
2019-08-01,A DIVISION,S 42nd,1,13216,13284,99.488106
2019-08-01,A DIVISION,S 42nd,2,3648,3659,99.6993714
2019-08-01,B DIVISION,A,1,6039,8245,73.2443905
2019-08-01,B DIVISION,A,2,2162,2650,81.5849057
2019-08-01,B DIVISION,B,1,3266,4392,74.3624772
2019-08-01,B DIVISION,C,1,3440,4400,78.1818182
2019-08-01,B DIVISION,C,2,1107,1512,73.2142857
2019-08-01,B DIVISION,D,1,4585,6091,75.2749959
2019-08-01,B DIVISION,D,2,1578,1894,83.3157339
2019-08-01,B DIVISION,E,1,7508,9004,83.3851622
2019-08-01,B DIVISION,E,2,1771,1900,93.2105263
2019-08-01,B DIVISION,F,1,5323,8622,61.7374159
2019-08-01,B DIVISION,F,2,1633,1888,86.4936441
2019-08-01,B DIVISION,G,1,5318,6380,83.354232
2019-08-01,B DIVISION,G,2,2151,2362,91.0668925
2019-08-01,B DIVISION,JZ,1,5115,6129,83.4557024
2019-08-01,B DIVISION,JZ,2,1789,2028,88.2149901
2019-08-01,B DIVISION,L,1,9956,10850,91.7603687
2019-08-01,B DIVISION,L,2,2484,2632,94.3768997
2019-08-01,B DIVISION,M,1,4409,6070,72.6359143
2019-08-01,B DIVISION,M,2,1733,2507,69.126446
2019-08-01,B DIVISION,N,1,8036,9625,83.4909091
2019-08-01,B DIVISION,N,2,1636,2002,81.7182817
2019-08-01,B DIVISION,Q,1,6090,6930,87.8787879
2019-08-01,B DIVISION,Q,2,2105,2340,89.957265
2019-08-01,B DIVISION,R,1,4700,6174,76.1256884
2019-08-01,B DIVISION,R,2,1611,1864,86.4270386
2019-08-01,B DIVISION,S Fkln,1,5175,5192,99.6725732
2019-08-01,B DIVISION,S Fkln,2,1869,1922,97.2424558
2019-08-01,B DIVISION,S Rock,1,3515,3696,95.1028139
2019-08-01,B DIVISION,S Rock,2,1257,1419,88.5835095
2019-08-01,Systemwide,Systemwide,1,151622,180489,84.0062275
2019-08-01,Systemwide,Systemwide,2,42100,49111,85.7241758
2019-09-01,A DIVISION,1,1,8458,9343,90.5276678
2019-09-01,A DIVISION,1,2,2755,2884,95.5270458
2019-09-01,A DIVISION,2,1,5146,6580,78.2066869
2019-09-01,A DIVISION,2,2,1473,2358,62.4681934
2019-09-01,A DIVISION,3,1,5070,5727,88.5280251
2019-09-01,A DIVISION,3,2,1510,2080,72.5961538
2019-09-01,A DIVISION,4,1,5711,7504,76.1060768
2019-09-01,A DIVISION,4,2,1900,3135,60.6060606
2019-09-01,A DIVISION,5,1,5144,6541,78.6424094
2019-09-01,A DIVISION,5,2,1793,2048,87.5488281
2019-09-01,A DIVISION,6,1,8834,11261,78.44774
2019-09-01,A DIVISION,6,2,3004,3698,81.233099
2019-09-01,A DIVISION,7,1,12592,13113,96.0268436
2019-09-01,A DIVISION,7,2,3776,3974,95.0176145
2019-09-01,A DIVISION,S 42nd,1,10280,10329,99.5256075
2019-09-01,A DIVISION,S 42nd,2,3356,3356,100
2019-09-01,B DIVISION,A,1,4953,7511,65.9432832
2019-09-01,B DIVISION,A,2,2589,3023,85.6434006
2019-09-01,B DIVISION,B,1,2746,3928,69.9083503
2019-09-01,B DIVISION,C,1,2999,4000,74.975
2019-09-01,B DIVISION,C,2,1273,1544,82.4481865
2019-09-01,B DIVISION,D,1,3729,5480,68.0474453
2019-09-01,B DIVISION,D,2,1753,2092,83.7954111
2019-09-01,B DIVISION,E,1,6534,8213,79.5568002
2019-09-01,B DIVISION,E,2,1932,2086,92.6174497
2019-09-01,B DIVISION,F,1,5230,7829,66.8029122
2019-09-01,B DIVISION,F,2,1770,2077,85.219066
2019-09-01,B DIVISION,G,1,4581,5799,78.9963787
2019-09-01,B DIVISION,G,2,2181,2556,85.3286385
2019-09-01,B DIVISION,JZ,1,4726,5580,84.6953405
2019-09-01,B DIVISION,JZ,2,1923,2216,86.7779783
2019-09-01,B DIVISION,L,1,9137,10066,90.770912
2019-09-01,B DIVISION,L,2,2709,2876,94.1933241
2019-09-01,B DIVISION,M,1,4344,5594,77.65463
2019-09-01,B DIVISION,M,2,2424,2742,88.4026258
2019-09-01,B DIVISION,N,1,7410,9233,80.2556049
2019-09-01,B DIVISION,N,2,1787,2107,84.8125297
2019-09-01,B DIVISION,Q,1,5470,6300,86.8253968
2019-09-01,B DIVISION,Q,2,2121,2484,85.3864734
2019-09-01,B DIVISION,R,1,4373,5647,77.4393483
2019-09-01,B DIVISION,R,2,1873,2160,86.712963
2019-09-01,B DIVISION,S Fkln,1,4708,4720,99.7457627
2019-09-01,B DIVISION,S Fkln,2,2082,2092,99.5219885
2019-09-01,B DIVISION,S Rock,1,2832,2940,96.3265306
2019-09-01,B DIVISION,S Rock,2,963,1010,95.3465347
2019-09-01,Systemwide,Systemwide,1,135007,163238,82.70562
2019-09-01,Systemwide,Systemwide,2,46947,54598,85.9866662
2019-10-01,A DIVISION,1,1,9140,10626,86.0154338
2019-10-01,A DIVISION,1,2,2159,2328,92.7405498
2019-10-01,A DIVISION,2,1,5981,7571,78.9988113
2019-10-01,A DIVISION,2,2,1096,1900,57.6842105
2019-10-01,A DIVISION,3,1,5899,6638,88.8671287
2019-10-01,A DIVISION,3,2,1355,1668,81.235012
2019-10-01,A DIVISION,4,1,6583,8507,77.3833314
2019-10-01,A DIVISION,4,2,1497,2136,70.0842697
2019-10-01,A DIVISION,5,1,6088,7543,80.7105926
2019-10-01,A DIVISION,5,2,1661,1978,83.9737108
2019-10-01,A DIVISION,6,1,9878,12821,77.0454723
2019-10-01,A DIVISION,6,2,2392,2680,89.2537313
2019-10-01,A DIVISION,7,1,13228,15062,87.8236622
2019-10-01,A DIVISION,7,2,2431,2914,83.4248456
2019-10-01,A DIVISION,S 42nd,1,11616,11816,98.3073798
2019-10-01,A DIVISION,S 42nd,2,2859,2864,99.825419
2019-10-01,B DIVISION,A,1,5693,8670,65.6632065
2019-10-01,B DIVISION,A,2,1965,2324,84.5524957
2019-10-01,B DIVISION,B,1,2973,4486,66.2728489
2019-10-01,B DIVISION,C,1,3449,4600,74.9782609
2019-10-01,B DIVISION,C,2,1135,1316,86.2462006
2019-10-01,B DIVISION,D,1,3950,6302,62.6785148
2019-10-01,B DIVISION,D,2,1214,1680,72.2619048
2019-10-01,B DIVISION,E,1,7398,9430,78.4517497
2019-10-01,B DIVISION,E,2,1553,1680,92.4404762
2019-10-01,B DIVISION,F,1,6097,8990,67.8197998
2019-10-01,B DIVISION,F,2,1443,1673,86.2522415
2019-10-01,B DIVISION,G,1,5285,6670,79.2353823
2019-10-01,B DIVISION,G,2,1780,2080,85.5769231
2019-10-01,B DIVISION,JZ,1,5284,6413,82.3951349
2019-10-01,B DIVISION,JZ,2,1497,1792,83.5379464
2019-10-01,B DIVISION,L,1,10568,11280,93.6879433
2019-10-01,B DIVISION,L,2,2249,2370,94.8945148
2019-10-01,B DIVISION,M,1,5217,6512,80.1136364
2019-10-01,B DIVISION,M,2,1844,2212,83.363472
2019-10-01,B DIVISION,N,1,8622,11003,78.3604472
2019-10-01,B DIVISION,N,2,1278,1743,73.3218589
2019-10-01,B DIVISION,Q,1,6089,7324,83.1376297
2019-10-01,B DIVISION,Q,2,1608,2008,80.0796813
2019-10-01,B DIVISION,R,1,4988,6487,76.892246
2019-10-01,B DIVISION,R,2,1516,1728,87.7314815
2019-10-01,B DIVISION,S Fkln,1,5412,5428,99.7052321
2019-10-01,B DIVISION,S Fkln,2,1694,1696,99.8820755
2019-10-01,B DIVISION,S Rock,1,3652,3744,97.542735
2019-10-01,B DIVISION,S Rock,2,1149,1177,97.6210705
2019-10-01,Systemwide,Systemwide,1,153090,187923,81.4642167
2019-10-01,Systemwide,Systemwide,2,37375,43947,85.0456231
2019-11-01,A DIVISION,1,1,7736,9192,84.1601393
2019-11-01,A DIVISION,1,2,2600,2926,88.8585099
2019-11-01,A DIVISION,2,1,5524,6805,81.1756062
2019-11-01,A DIVISION,2,2,2140,3271,65.4234179
2019-11-01,A DIVISION,3,1,5243,5874,89.257746
2019-11-01,A DIVISION,3,2,1101,1460,75.4109589
2019-11-01,A DIVISION,4,1,5669,7400,76.6081081
2019-11-01,A DIVISION,4,2,1896,2676,70.8520179
2019-11-01,A DIVISION,5,1,5215,6559,79.5090715
2019-11-01,A DIVISION,5,2,1874,2259,82.9570606
2019-11-01,A DIVISION,6,1,8596,11088,77.5252525
2019-11-01,A DIVISION,6,2,2459,2826,87.0134466
2019-11-01,A DIVISION,7,1,12081,13081,92.3553245
2019-11-01,A DIVISION,7,2,3563,3792,93.9609705
2019-11-01,A DIVISION,S 42nd,1,10353,10556,98.0769231
2019-11-01,A DIVISION,S 42nd,2,3674,3674,100
2019-11-01,B DIVISION,A,1,5001,7495,66.724483
2019-11-01,B DIVISION,A,2,2301,2811,81.8569904
2019-11-01,B DIVISION,B,1,2426,3859,62.8660275
2019-11-01,B DIVISION,C,1,2948,3860,76.373057
2019-11-01,B DIVISION,C,2,1189,1570,75.7324841
2019-11-01,B DIVISION,D,1,3990,5916,67.4442191
2019-11-01,B DIVISION,D,2,2234,2544,87.8144654
2019-11-01,B DIVISION,E,1,6425,8200,78.3536585
2019-11-01,B DIVISION,E,2,1851,2103,88.0171184
2019-11-01,B DIVISION,F,1,5593,7838,71.3574892
2019-11-01,B DIVISION,F,2,1666,2097,79.4468288
2019-11-01,B DIVISION,G,1,4443,5804,76.5506547
2019-11-01,B DIVISION,G,2,2052,2571,79.8133022
2019-11-01,B DIVISION,JZ,1,4597,5580,82.3835125
2019-11-01,B DIVISION,JZ,2,2050,2246,91.2733749
2019-11-01,B DIVISION,L,1,9482,9956,95.2390518
2019-11-01,B DIVISION,L,2,2615,2816,92.8622159
2019-11-01,B DIVISION,M,1,4555,5630,80.9058615
2019-11-01,B DIVISION,M,2,2393,2712,88.2374631
2019-11-01,B DIVISION,N,1,6886,9213,74.7422121
2019-11-01,B DIVISION,N,2,1531,2366,64.7083686
2019-11-01,B DIVISION,Q,1,5181,6346,81.6419792
2019-11-01,B DIVISION,Q,2,2388,2526,94.5368171
2019-11-01,B DIVISION,R,1,4263,5622,75.8271078
2019-11-01,B DIVISION,R,2,1509,2082,72.4783862
2019-11-01,B DIVISION,S Fkln,1,4676,4720,99.0677966
2019-11-01,B DIVISION,S Fkln,2,2091,2126,98.3537159
2019-11-01,B DIVISION,S Rock,1,3085,3240,95.2160494
2019-11-01,B DIVISION,S Rock,2,1497,1521,98.4220907
2019-11-01,Systemwide,Systemwide,1,133968,163834,81.7705727
2019-11-01,Systemwide,Systemwide,2,46674,54975,84.9004093
2019-12-01,A DIVISION,1,1,8224,9752,84.3314192
2019-12-01,A DIVISION,1,2,2673,2884,92.6837725
2019-12-01,A DIVISION,2,1,5268,6833,77.0964437
2019-12-01,A DIVISION,2,2,1813,2796,64.8426323
2019-12-01,A DIVISION,3,1,5435,6304,86.2151015
2019-12-01,A DIVISION,3,2,1056,1390,75.971223
2019-12-01,A DIVISION,4,1,6137,7771,78.9731051
2019-12-01,A DIVISION,4,2,2046,2640,77.5
2019-12-01,A DIVISION,5,1,5555,6886,80.6709265
2019-12-01,A DIVISION,5,2,2224,2485,89.4969819
2019-12-01,A DIVISION,6,1,8998,11696,76.9322845
2019-12-01,A DIVISION,6,2,2485,2780,89.3884892
2019-12-01,A DIVISION,7,1,12163,13646,89.1323465
2019-12-01,A DIVISION,7,2,3522,3704,95.0863931
2019-12-01,A DIVISION,S 42nd,1,11079,11264,98.3575994
2019-12-01,A DIVISION,S 42nd,2,3558,3560,99.9438202
2019-12-01,B DIVISION,A,1,5223,7984,65.4183367
2019-12-01,B DIVISION,A,2,2995,3690,81.1653117
2019-12-01,B DIVISION,B,1,2575,4088,62.9892368
2019-12-01,B DIVISION,C,1,2968,4222,70.2984368
2019-12-01,B DIVISION,C,2,1213,1548,78.3591731
2019-12-01,B DIVISION,D,1,3629,5764,62.9597502
2019-12-01,B DIVISION,D,2,2019,2276,88.7082601
2019-12-01,B DIVISION,E,1,6677,8610,77.5493612
2019-12-01,B DIVISION,E,2,1905,2088,91.2356322
2019-12-01,B DIVISION,F,1,5516,8230,67.0230863
2019-12-01,B DIVISION,F,2,1726,2076,83.1406551
2019-12-01,B DIVISION,G,1,4431,6090,72.7586207
2019-12-01,B DIVISION,G,2,2041,2558,79.7888976
2019-12-01,B DIVISION,JZ,1,4570,5842,78.2266347
2019-12-01,B DIVISION,JZ,2,1918,2218,86.4743012
2019-12-01,B DIVISION,L,1,9822,10291,95.4426198
2019-12-01,B DIVISION,L,2,2719,2804,96.9686163
2019-12-01,B DIVISION,M,1,4811,6059,79.4025417
2019-12-01,B DIVISION,M,2,2441,2691,90.7097733
2019-12-01,B DIVISION,N,1,6791,9624,70.5631754
2019-12-01,B DIVISION,N,2,1607,2190,73.3789954
2019-12-01,B DIVISION,Q,1,5498,6621,83.0388159
2019-12-01,B DIVISION,Q,2,1798,2454,73.2681337
2019-12-01,B DIVISION,R,1,4253,5943,71.5631836
2019-12-01,B DIVISION,R,2,1847,2160,85.5092593
2019-12-01,B DIVISION,S Fkln,1,4944,4956,99.7578692
2019-12-01,B DIVISION,S Fkln,2,2072,2092,99.0439771
2019-12-01,B DIVISION,S Rock,1,3379,3528,95.776644
2019-12-01,B DIVISION,S Rock,2,1497,1544,96.9559585
2019-12-01,Systemwide,Systemwide,1,137946,172004,80.1992977
2019-12-01,Systemwide,Systemwide,2,47175,54628,86.3568134
